Workbook

Sheet READ ME
A1: India Labor Arbitrage Program — Monthly Consolidation Workbook
A3: PURPOSE
A4: Single consolidation file for the India GCC ramp-up program. Each org finance partner updates their own Org tab monthly; the Consolidation and Dashboard tabs roll up automatically.
A6: HOW TO SET UP (owner, one time)
A7: 1. Go to the Setup tab and replace 'Org 1 — REPLACE' etc. with the real organization names. Every tab picks the names up automatically.
A8: 2. Optionally rename the Org_1..Org_8 sheet tabs to match — Excel updates all formulas automatically when a sheet is renamed.
A9: 3. Replace the ILLUSTRATIVE placeholder numbers on the Targets tab with the committed monthly baseline you distributed to each org (yellow cells).
A10: 4. Org_1 contains EXAMPLE actuals for Jan–Mar 2026 to demonstrate the mechanics — clear them before first use.
A12: HOW TO SUBMIT (org finance partners, monthly)
A13: 1. Open your org's tab. Enter values in BLUE cells only for the month just closed.
A14: 2. GREEN cells are filled centrally from PlanIt/HR — do not overwrite unless asked.
A15: 3. GREY cells are your committed targets, linked from the Targets tab — never edit on this tab.
... A28: BLUE = org enters data | GREEN = central fill (PlanIt/HR) | GREY = linked target (do not edit) | YELLOW = placeholder to replace during setup

Sheet Setup
A1: Setup — organization names and lists
A3: REPLACE the names below with your 8 organizations. All tabs reference these cells.
A4: Org tab Org_1 display name: | B4: Org 1 — REPLACE
A5: Org tab Org_2 display name: | B5: Org 2 — REPLACE
A6: Org tab Org_3 display name: | B6: Org 3 — REPLACE
A7: Org tab Org_4 display name: | B7: Org 4 — REPLACE
A8: Org tab Org_5 display name: | B8: Org 5 — REPLACE
A9: Org tab Org_6 display name: | B9: Org 6 — REPLACE
A10: Org tab Org_7 display name: | B10: Org 7 — REPLACE
A11: Org tab Org_8 display name: | B11: Org 8 — REPLACE
A13: Dropdown lists (used by data validation):
A14: RAG: | B14: Green
B15: Amber
B16: Red
A18: Yes/No: | B18: Y
B19: N

Sheet Targets
A1: Committed monthly baseline by organization
A2: ILLUSTRATIVE PLACEHOLDERS — replace every yellow cell with the committed baseline distributed to the orgs. Baseline changes only via approved change request.
C4: 2026 | O4: 2027 | AA4: 2028 | AM4: 2029
A5: Metric | B5: Unit / who fills | C5: 46023 | D5: 46054 | E5: 46082 | F5: 46113 | G5: 46143 | H5: 46174 | I5: 46204 | J5: 46235 | K5: 46266 | L5: 46296 | M5: 46327 | N5: 46357 | O5: 46388 | P5: 46419 | Q5: 46447 | R5: 46478 | S5: 46508 | T5: 46539 | U5: 46569 | V5: 46600 | W5: 46631 | X5: 46661 | Y5: 46692 | Z5: 46722 | AA5: 46753 | AB5: 46784 | AC5: 46813 | AD5: 46844 | AE5: 46874 | AF5: 46905 | AG5: 46935 | AH5: 46966 | AI5: 46997 | AJ5: 47027 | AK5: 47058 | AL5: 47088 | AM5: 47119 | AN5: 47150 | AO5: 47178 | AP5: 47209 | AQ5: 47239 | AR5: 47270 | AS5: 47300 | AT5: 47331 | AU5: 47362 | AV5: 47392 | AW5: 47423 | AX5: 47453
A7: =CONCATENATE("ORG: ",Setup!$B$4)
A8: India hires (heads) | C8: 9 | D8: 9 | E8: 9 | F8: 9 | G8: 9 | H8: 9 | I8: 9 | J8: 9 | K8: 9 | L8: 9 | M8: 9 | N8: 9 | O8: 15 | P8: 15 | Q8: 15 | R8: 15 | S8: 15 | T8: 15 | U8: 15 | V8: 15 | W8: 15 | X8: 15 | Y8: 15 | Z8: 15 | AA8: 0 | AB8: 0 | AC8: 0 | AD8: 0 | AE8: 0 | AF8: 0 | AG8: 0 | AH8: 0 | AI8: 0 | AJ8: 0 | AK8: 0 | AL8: 0 | AM8: 0 | AN8: 0 | AO8: 0 | AP8: 0 | AQ8: 0 | AR8: 0 | AS8: 0 | AT8: 0 | AU8: 0 | AV8: 0 | AW8: 0 | AX8: 0
A9: Reductions — Professional services ($K) | C9: 0 | D9: 0 | E9: 0 | F9: 0 | G9: 38 | H9: 75 | I9: 112 | J9: 150 | K9: 188 | L9: 225 | M9: 262 | N9: 300 | O9: 338 | P9: 375 | Q9: 412 | R9: 450 | S9: 488 | T9: 525 | U9: 562 | V9: 600 | W9: 638 | X9: 675 | Y9: 712 | Z9: 750 | AA9: 788 | AB9: 825 | AC9: 862 | AD9: 900 | AE9: 900 | AF9: 900 | AG9: 900 | AH9: 900 | AI9: 900 | AJ9: 900 | AK9: 900 | AL9: 900 | AM9: 900 | AN9: 900 | AO9: 900 | AP9: 900 | AQ9: 900 | AR9: 900 | AS9: 900 | AT9: 900 | AU9: 900 | AV9: 900 | AW9: 900 | AX9: 900
A10: Reductions — Offshore contractors ($K) | C10: 0 | D10: 0 | E10: 0 | F10: 0 | G10: 0 | H10: 0 | I10: 0 | J10: 15 | K10: 30 | L10: 45 | M10: 60 | N10: 75 | O10: 90 | P10: 105 | Q10: 120 | R10: 135 | S10: 150 | T10: 165 | U10: 180 | V10: 195 | W10: 210 | X10: 225 | Y10: 240 | Z10: 255 | AA10: 270 | AB10: 285 | AC10: 300 | AD10: 315 | AE10: 330 | AF10: 345 | AG10: 360 | AH10: 375 | AI10: 375 | AJ10: 375 | AK10: 375 | AL10: 375 | AM10: 375 | AN10: 375 | AO10: 375 | AP10: 375 | AQ10: 375 | AR10: 375 | AS10: 375 | AT10: 375 | AU10: 375 | AV10: 375 | AW10: 375 | AX10: 375
A11: Reductions — Onshore contractors ($K) | C11: 0 | D11: 0 | E11: 0 | F11: 0 | G11: 0 | H11: 0 | I11: 0 | J11: 12 | K11: 24 | L11: 36 | M11: 48 | N11: 60 | O11: 72 | P11: 84 | Q11: 96 | R11: 108 | S11: 120 | T11: 132 | U11: 144 | V11: 156 | W11: 168 | X11: 180 | Y11: 192 | Z11: 204 | AA11: 216 | AB11: 228 | AC11: 240 | AD11: 252 | AE11: 264 | AF11: 276 | AG11: 288 | AH11: 300 | AI11: 300 | AJ11: 300 | AK11: 300 | AL11: 300 | AM11: 300 | AN11: 300 | AO11: 300 | AP11: 300 | AQ11: 300 | AR11: 300 | AS11: 300 | AT11: 300 | AU11: 300 | AV11: 300 | AW11: 300 | AX11: 300
A12: Reductions — Employees / Other ($K) | C12: 0 | D12: 0 | E12: 0 | F12: 0 | G12: 0 | H12: 0 | I12: 0 | J12: 0 | K12: 0 | L12: 0 | M12: 6 | N12: 12 | O12: 18 | P12: 24 | Q12: 30 | R12: 36 | S12: 42 | T12: 48 | U12: 54 | V12: 60 | W12: 66 | X12: 72 | Y12: 78 | Z12: 84 | AA12: 90 | AB12: 96 | AC12: 102 | AD12: 108 | AE12: 114 | AF12: 120 | AG12: 126 | AH12: 132 | AI12: 138 | AJ12: 144 | AK12: 150 | AL12: 150 | AM12: 150 | AN12: 150 | AO12: 150 | AP12: 150 | AQ12: 150 | AR12: 150 | AS12: 150 | AT12: 150 | AU12: 150 | AV12: 150 | AW12: 150 | AX12: 150
A13: India cost adds ($K) | C13: 34 | D13: 68 | E13: 101 | F13: 135 | G13: 169 | H13: 202 | I13: 236 | J13: 270 | K13: 304 | L13: 338 | M13: 371 | N13: 405 | O13: 461 | P13: 518 | Q13: 574 | R13: 630 | S13: 686 | T13: 742 | U13: 799 | V13: 855 | W13: 911 | X13: 968 | Y13: 1024 | Z13: 1080 | AA13: 1080 | AB13: 1080 | AC13: 1080 | AD13: 1080 | AE13: 1080 | AF13: 1080 | AG13: 1080 | AH13: 1080 | AI13: 1080 | AJ13: 1080 | AK13: 1080 | AL13: 1080 | AM13: 1080 | AN13: 1080 | AO13: 1080 | AP13: 1080 | AQ13: 1080 | AR13: 1080 | AS13: 1080 | AT13: 1080 | AU13: 1080 | AV13: 1080 | AW13: 1080 | AX13: 1080
A14: Net labor arbitrage ($K) | C14: =SUM(C9:C12)-C13 | D14: =SUM(D9:D12)-D13 | E14: =SUM(E9:E12)-E13 | F14: =SUM(F9:F12)-F13 | G14: =SUM(G9:G12)-G13 | H14: =SUM(H9:H12)-H13 | I14: =SUM(I9:I12)-I13 | J14: =SUM(J9:J12)-J13 | ... AX14: =SUM(AX9:AX12)-AX13
A16: =CONCATENATE("ORG: ",Setup!$B$5)
A17: India hires (heads) | C17: 8 | D17: 8 | E17: 8 | F17: 8 | G17: 8 | H17: 8 | I17: 8 | J17: 8 | K17: 8 | L17: 8 | M17: 8 | N17: 8 | O17: 13 | P17: 13 | Q17: 13 | R17: 13 | S17: 13 | T17: 13 | U17: 13 | V17: 13 | W17: 13 | X17: 13 | Y17: 13 | Z17: 13 | AA17: 0 | AB17: 0 | AC17: 0 | AD17: 0 | AE17: 0 | AF17: 0 | AG17: 0 | AH17: 0 | AI17: 0 | AJ17: 0 | AK17: 0 | AL17: 0 | AM17: 0 | AN17: 0 | AO17: 0 | AP17: 0 | AQ17: 0 | AR17: 0 | AS17: 0 | AT17: 0 | AU17: 0 | AV17: 0 | AW17: 0 | AX17: 0
A18: Reductions — Professional services ($K) | C18: 0 | D18: 0 | E18: 0 | F18: 0 | G18: 32 | H18: 65 | I18: 98 | J18: 130 | K18: 162 | L18: 195 | M18: 228 | N18: 260 | O18: 292 | P18: 325 | Q18: 358 | R18: 390 | S18: 422 | T18: 455 | U18: 488 | V18: 520 | W18: 552 | X18: 585 | Y18: 618 | Z18: 650 | AA18: 682 | AB18: 715 | AC18: 748 | AD18: 780 | AE18: 780 | AF18: 780 | AG18: 780 | AH18: 780 | AI18: 780 | AJ18: 780 | AK18: 780 | AL18: 780 | AM18: 780 | AN18: 780 | AO18: 780 | AP18: 780 | AQ18: 780 | AR18: 780 | AS18: 780 | AT18: 780 | AU18: 780 | AV18: 780 | AW18: 780 | AX18: 780
A19: Reductions — Offshore contractors ($K) | C19: 0 | D19: 0 | E19: 0 | F19: 0 | G19: 0 | H19: 0 | I19: 0 | J19: 13 | K19: 26 | L19: 39 | M19: 52 | N19: 65 | O19: 78 | P19: 91 | Q19: 104 | R19: 117 | S19: 130 | T19: 143 | U19: 156 | V19: 169 | W19: 182 | X19: 195 | Y19: 208 | Z19: 221 | AA19: 234 | AB19: 247 | AC19: 260 | AD19: 273 | AE19: 286 | AF19: 299 | AG19: 312 | AH19: 325 | AI19: 325 | AJ19: 325 | AK19: 325 | AL19: 325 | AM19: 325 | AN19: 325 | AO19: 325 | AP19: 325 | AQ19: 325 | AR19: 325 | AS19: 325 | AT19: 325 | AU19: 325 | AV19: 325 | AW19: 325 | AX19: 325
A20: Reductions — Onshore contractors ($K) | C20: 0 | D20: 0 | E20: 0 | F20: 0 | G20: 0 | H20: 0 | I20: 0 | J20: 10 | K20: 21 | L20: 31 | M20: 42 | N20: 52 | O20: 62 | P20: 73 | Q20: 83 | R20: 94 | S20: 104 | T20: 114 | U20: 125 | V20: 135 | W20: 146 | X20: 156 | Y20: 166 | Z20: 177 | AA20: 187 | AB20: 198 | AC20: 208 | AD20: 218 | AE20: 229 | AF20: 239 | AG20: 250 | AH20: 260 | AI20: 260 | AJ20: 260 | AK20: 260 | AL20: 260 | AM20: 260 | AN20: 260 | AO20: 260 | AP20: 260 | AQ20: 260 | AR20: 260 | AS20: 260 | AT20: 260 | AU20: 260 | AV20: 260 | AW20: 260 | AX20: 260
A21: Reductions — Employees / Other ($K) | C21: 0 | D21: 0 | E21: 0 | F21: 0 | G21: 0 | H21: 0 | I21: 0 | J21: 0 | K21: 0 | L21: 0 | M21: 5 | N21: 10 | O21: 16 | P21: 21 | Q21: 26 | R21: 31 | S21: 36 | T21: 42 | U21: 47 | V21: 52 | W21: 57 | X21: 62 | Y21: 68 | Z21: 73 | AA21: 78 | AB21: 83 | AC21: 88 | AD21: 94 | AE21: 99 | AF21: 104 | AG21: 109 | AH21: 114 | AI21: 120 | AJ21: 125 | AK21: 130 | AL21: 130 | AM21: 130 | AN21: 130 | AO21: 130 | AP21: 130 | AQ21: 130 | AR21: 130 | AS21: 130 | AT21: 130 | AU21: 130 | AV21: 130 | AW21: 130 | AX21: 130
A22: India cost adds ($K) | C22: 30 | D22: 60 | E22: 90 | F22: 120 | G22: 150 | H22: 180 | I22: 210 | J22: 240 | K22: 270 | L22: 300 | M22: 330 | N22: 360 | O22: 409 | P22: 458 | Q22: 506 | R22: 555 | S22: 604 | T22: 652 | U22: 701 | V22: 750 | W22: 799 | X22: 848 | Y22: 896 | Z22: 945 | AA22: 945 | AB22: 945 | AC22: 945 | AD22: 945 | AE22: 945 | AF22: 945 | AG22: 945 | AH22: 945 | AI22: 945 | AJ22: 945 | AK22: 945 | AL22: 945 | AM22: 945 | AN22: 945 | AO22: 945 | AP22: 945 | AQ22: 945 | AR22: 945 | AS22: 945 | AT22: 945 | AU22: 945 | AV22: 945 | AW22: 945 | AX22: 945
A23: Net labor arbitrage ($K) | C23: =SUM(C18:C21)-C22 | D23: =SUM(D18:D21)-D22 | E23: =SUM(E18:E21)-E22 | F23: =SUM(F18:F21)-F22 | G23: =SUM(G18:G21)-G22 | H23: =SUM(H18:H21)-H22 | I23: =SUM(I18:I21)-I22 | J23: =SUM(J18:J21)-J22 | ... AX23: =SUM(AX18:AX21)-AX22
A25: =CONCATENATE("ORG: ",Setup!$B$6)
A26: India hires (heads) | C26: 7 | D26: 7 | E26: 7 | F26: 7 | G26: 7 | H26: 7 | I26: 7 | J26: 7 | K26: 7 | L26: 7 | M26: 7 | N26: 7 | O26: 12 | P26: 12 | Q26: 12 | R26: 12 | S26: 12 | T26: 12 | U26: 12 | V26: 12 | W26: 12 | X26: 12 | Y26: 12 | Z26: 12 | AA26: 0 | AB26: 0 | AC26: 0 | AD26: 0 | AE26: 0 | AF26: 0 | AG26: 0 | AH26: 0 | AI26: 0 | AJ26: 0 | AK26: 0 | AL26: 0 | AM26: 0 | AN26: 0 | AO26: 0 | AP26: 0 | AQ26: 0 | AR26: 0 | AS26: 0 | AT26: 0 | AU26: 0 | AV26: 0 | AW26: 0 | AX26: 0
A27: Reductions — Professional services ($K) | C27: 0 | D27: 0 | E27: 0 | F27: 0 | G27: 30 | H27: 60 | I27: 90 | J27: 120 | K27: 150 | L27: 180 | M27: 210 | N27: 240 | O27: 270 | P27: 300 | Q27: 330 | R27: 360 | S27: 390 | T27: 420 | U27: 450 | V27: 480 | W27: 510 | X27: 540 | Y27: 570 | Z27: 600 | AA27: 630 | AB27: 660 | AC27: 690 | AD27: 720 | AE27: 720 | AF27: 720 | AG27: 720 | AH27: 720 | AI27: 720 | AJ27: 720 | AK27: 720 | AL27: 720 | AM27: 720 | AN27: 720 | AO27: 720 | AP27: 720 | AQ27: 720 | AR27: 720 | AS27: 720 | AT27: 720 | AU27: 720 | AV27: 720 | AW27: 720 | AX27: 720
A28: Reductions — Offshore contractors ($K) | C28: 0 | D28: 0 | E28: 0 | F28: 0 | G28: 0 | H28: 0 | I28: 0 | J28: 12 | K28: 24 | L28: 36 | M28: 48 | N28: 60 | O28: 72 | P28: 84 | Q28: 96 | R28: 108 | S28: 120 | T28: 132 | U28: 144 | V28: 156 | W28: 168 | X28: 180 | Y28: 192 | Z28: 204 | AA28: 216 | AB28: 228 | AC28: 240 | AD28: 252 | AE28: 264 | AF28: 276 | AG28: 288 | AH28: 300 | AI28: 300 | AJ28: 300 | AK28: 300 | AL28: 300 | AM28: 300 | AN28: 300 | AO28: 300 | AP28: 300 | AQ28: 300 | AR28: 300 | AS28: 300 | AT28: 300 | AU28: 300 | AV28: 300 | AW28: 300 | AX28: 300
A29: Reductions — Onshore contractors ($K) | C29: 0 | D29: 0 | E29: 0 | F29: 0 | G29: 0 | H29: 0 | I29: 0 | J29: 10 | K29: 19 | L29: 29 | M29: 38 | N29: 48 | O29: 58 | P29: 67 | Q29: 77 | R29: 86 | S29: 96 | T29: 106 | U29: 115 | V29: 125 | W29: 134 | X29: 144 | Y29: 154 | Z29: 163 | AA29: 173 | AB29: 182 | AC29: 192 | AD29: 202 | AE29: 211 | AF29: 221 | AG29: 230 | AH29: 240 | AI29: 240 | AJ29: 240 | AK29: 240 | AL29: 240 | AM29: 240 | AN29: 240 | AO29: 240 | AP29: 240 | AQ29: 240 | AR29: 240 | AS29: 240 | AT29: 240 | AU29: 240 | AV29: 240 | AW29: 240 | AX29: 240
A30: Reductions — Employees / Other ($K) | C30: 0 | D30: 0 | E30: 0 | F30: 0 | G30: 0 | H30: 0 | I30: 0 | J30: 0 | K30: 0 | L30: 0 | M30: 5 | N30: 10 | O30: 14 | P30: 19 | Q30: 24 | R30: 29 | S30: 34 | T30: 38 | U30: 43 | V30: 48 | W30: 53 | X30: 58 | Y30: 62 | Z30: 67 | AA30: 72 | AB30: 77 | AC30: 82 | AD30: 86 | AE30: 91 | AF30: 96 | AG30: 101 | AH30: 106 | AI30: 110 | AJ30: 115 | AK30: 120 | AL30: 120 | AM30: 120 | AN30: 120 | AO30: 120 | AP30: 120 | AQ30: 120 | AR30: 120 | AS30: 120 | AT30: 120 | AU30: 120 | AV30: 120 | AW30: 120 | AX30: 120
A31: India cost adds ($K) | C31: 26 | D31: 52 | E31: 79 | F31: 105 | G31: 131 | H31: 158 | I31: 184 | J31: 210 | K31: 236 | L31: 262 | M31: 289 | N31: 315 | O31: 360 | P31: 405 | Q31: 450 | R31: 495 | S31: 540 | T31: 585 | U31: 630 | V31: 675 | W31: 720 | X31: 765 | Y31: 810 | Z31: 855 | AA31: 855 | AB31: 855 | AC31: 855 | AD31: 855 | AE31: 855 | AF31: 855 | AG31: 855 | AH31: 855 | AI31: 855 | AJ31: 855 | AK31: 855 | AL31: 855 | AM31: 855 | AN31: 855 | AO31: 855 | AP31: 855 | AQ31: 855 | AR31: 855 | AS31: 855 | AT31: 855 | AU31: 855 | AV31: 855 | AW31: 855 | AX31: 855
A32: Net labor arbitrage ($K) | C32: =SUM(C27:C30)-C31 | D32: =SUM(D27:D30)-D31 | E32: =SUM(E27:E30)-E31 | F32: =SUM(F27:F30)-F31 | G32: =SUM(G27:G30)-G31 | H32: =SUM(H27:H30)-H31 | I32: =SUM(I27:I30)-I31 | J32: =SUM(J27:J30)-J31 | ... AX32: =SUM(AX27:AX30)-AX31
A34: =CONCATENATE("ORG: ",Setup!$B$7)
A35: India hires (heads) | C35: 7 | D35: 7 | E35: 7 | F35: 7 | G35: 7 | H35: 7 | I35: 7 | J35: 7 | K35: 7 | L35: 7 | M35: 7 | N35: 7 | O35: 11 | P35: 11 | Q35: 11 | R35: 11 | S35: 11 | T35: 11 | U35: 11 | V35: 11 | W35: 11 | X35: 11 | Y35: 11 | Z35: 11 | AA35: 0 | AB35: 0 | AC35: 0 | AD35: 0 | AE35: 0 | AF35: 0 | AG35: 0 | AH35: 0 | AI35: 0 | AJ35: 0 | AK35: 0 | AL35: 0 | AM35: 0 | AN35: 0 | AO35: 0 | AP35: 0 | AQ35: 0 | AR35: 0 | AS35: 0 | AT35: 0 | AU35: 0 | AV35: 0 | AW35: 0 | AX35: 0
A36: Reductions — Professional services ($K) | C36: 0 | D36: 0 | E36: 0 | F36: 0 | G36: 28 | H36: 55 | I36: 82 | J36: 110 | K36: 138 | L36: 165 | M36: 193 | N36: 220 | O36: 248 | P36: 275 | Q36: 302 | R36: 330 | S36: 358 | T36: 385 | U36: 413 | V36: 440 | W36: 468 | X36: 495 | Y36: 522 | Z36: 550 | AA36: 578 | AB36: 605 | AC36: 632 | AD36: 660 | AE36: 660 | AF36: 660 | AG36: 660 | AH36: 660 | AI36: 660 | AJ36: 660 | AK36: 660 | AL36: 660 | AM36: 660 | AN36: 660 | AO36: 660 | AP36: 660 | AQ36: 660 | AR36: 660 | AS36: 660 | AT36: 660 | AU36: 660 | AV36: 660 | AW36: 660 | AX36: 660
A37: Reductions — Offshore contractors ($K) | C37: 0 | D37: 0 | E37: 0 | F37: 0 | G37: 0 | H37: 0 | I37: 0 | J37: 11 | K37: 22 | L37: 33 | M37: 44 | N37: 55 | O37: 66 | P37: 77 | Q37: 88 | R37: 99 | S37: 110 | T37: 121 | U37: 132 | V37: 143 | W37: 154 | X37: 165 | Y37: 176 | Z37: 187 | AA37: 198 | AB37: 209 | AC37: 220 | AD37: 231 | AE37: 242 | AF37: 253 | AG37: 264 | AH37: 275 | AI37: 275 | AJ37: 275 | AK37: 275 | AL37: 275 | AM37: 275 | AN37: 275 | AO37: 275 | AP37: 275 | AQ37: 275 | AR37: 275 | AS37: 275 | AT37: 275 | AU37: 275 | AV37: 275 | AW37: 275 | AX37: 275
A38: Reductions — Onshore contractors ($K) | C38: 0 | D38: 0 | E38: 0 | F38: 0 | G38: 0 | H38: 0 | I38: 0 | J38: 9 | K38: 18 | L38: 26 | M38: 35 | N38: 44 | O38: 53 | P38: 62 | Q38: 70 | R38: 79 | S38: 88 | T38: 97 | U38: 106 | V38: 114 | W38: 123 | X38: 132 | Y38: 141 | Z38: 150 | AA38: 158 | AB38: 167 | AC38: 176 | AD38: 185 | AE38: 194 | AF38: 202 | AG38: 211 | AH38: 220 | AI38: 220 | AJ38: 220 | AK38: 220 | AL38: 220 | AM38: 220 | AN38: 220 | AO38: 220 | AP38: 220 | AQ38: 220 | AR38: 220 | AS38: 220 | AT38: 220 | AU38: 220 | AV38: 220 | AW38: 220 | AX38: 220
A39: Reductions — Employees / Other ($K) | C39: 0 | D39: 0 | E39: 0 | F39: 0 | G39: 0 | H39: 0 | I39: 0 | J39: 0 | K39: 0 | L39: 0 | M39: 4 | N39: 9 | O39: 13 | P39: 18 | Q39: 22 | R39: 26 | S39: 31 | T39: 35 | U39: 40 | V39: 44 | W39: 48 | X39: 53 | Y39: 57 | Z39: 62 | AA39: 66 | AB39: 70 | AC39: 75 | AD39: 79 | AE39: 84 | AF39: 88 | AG39: 92 | AH39: 97 | AI39: 101 | AJ39: 106 | AK39: 110 | AL39: 110 | AM39: 110 | AN39: 110 | AO39: 110 | AP39: 110 | AQ39: 110 | AR39: 110 | AS39: 110 | AT39: 110 | AU39: 110 | AV39: 110 | AW39: 110 | AX39: 110
A40: India cost adds ($K) | C40: 26 | D40: 52 | E40: 79 | F40: 105 | G40: 131 | H40: 158 | I40: 184 | J40: 210 | K40: 236 | L40: 262 | M40: 289 | N40: 315 | O40: 356 | P40: 398 | Q40: 439 | R40: 480 | S40: 521 | T40: 562 | U40: 604 | V40: 645 | W40: 686 | X40: 728 | Y40: 769 | Z40: 810 | AA40: 810 | AB40: 810 | AC40: 810 | AD40: 810 | AE40: 810 | AF40: 810 | AG40: 810 | AH40: 810 | AI40: 810 | AJ40: 810 | AK40: 810 | AL40: 810 | AM40: 810 | AN40: 810 | AO40: 810 | AP40: 810 | AQ40: 810 | AR40: 810 | AS40: 810 | AT40: 810 | AU40: 810 | AV40: 810 | AW40: 810 | AX40: 810
A41: Net labor arbitrage ($K) | C41: =SUM(C36:C39)-C40 | D41: =SUM(D36:D39)-D40 | E41: =SUM(E36:E39)-E40 | F41: =SUM(F36:F39)-F40 | G41: =SUM(G36:G39)-G40 | H41: =SUM(H36:H39)-H40 | I41: =SUM(I36:I39)-I40 | J41: =SUM(J36:J39)-J40 | ... AX41: =SUM(AX36:AX39)-AX40
A43: =CONCATENATE("ORG: ",Setup!$B$8)
A44: India hires (heads) | C44: 6 | D44: 6 | E44: 6 | F44: 6 | G44: 6 | H44: 6 | I44: 6 | J44: 6 | K44: 6 | L44: 6 | M44: 6 | N44: 6 | O44: 10 | P44: 10 | Q44: 10 | R44: 10 | S44: 10 | T44: 10 | U44: 10 | V44: 10 | W44: 10 | X44: 10 | Y44: 10 | Z44: 10 | AA44: 0 | AB44: 0 | AC44: 0 | AD44: 0 | AE44: 0 | AF44: 0 | AG44: 0 | AH44: 0 | AI44: 0 | AJ44: 0 | AK44: 0 | AL44: 0 | AM44: 0 | AN44: 0 | AO44: 0 | AP44: 0 | AQ44: 0 | AR44: 0 | AS44: 0 | AT44: 0 | AU44: 0 | AV44: 0 | AW44: 0 | AX44: 0
A45: Reductions — Professional services ($K) | C45: 0 | D45: 0 | E45: 0 | F45: 0 | G45: 25 | H45: 50 | I45: 75 | J45: 100 | K45: 125 | L45: 150 | M45: 175 | N45: 200 | O45: 225 | P45: 250 | Q45: 275 | R45: 300 | S45: 325 | T45: 350 | U45: 375 | V45: 400 | W45: 425 | X45: 450 | Y45: 475 | Z45: 500 | AA45: 525 | AB45: 550 | AC45: 575 | AD45: 600 | AE45: 600 | AF45: 600 | AG45: 600 | AH45: 600 | AI45: 600 | AJ45: 600 | AK45: 600 | AL45: 600 | AM45: 600 | AN45: 600 | AO45: 600 | AP45: 600 | AQ45: 600 | AR45: 600 | AS45: 600 | AT45: 600 | AU45: 600 | AV45: 600 | AW45: 600 | AX45: 600
A46: Reductions — Offshore contractors ($K) | C46: 0 | D46: 0 | E46: 0 | F46: 0 | G46: 0 | H46: 0 | I46: 0 | J46: 10 | K46: 20 | L46: 30 | M46: 40 | N46: 50 | O46: 60 | P46: 70 | Q46: 80 | R46: 90 | S46: 100 | T46: 110 | U46: 120 | V46: 130 | W46: 140 | X46: 150 | Y46: 160 | Z46: 170 | AA46: 180 | AB46: 190 | AC46: 200 | AD46: 210 | AE46: 220 | AF46: 230 | AG46: 240 | AH46: 250 | AI46: 250 | AJ46: 250 | AK46: 250 | AL46: 250 | AM46: 250 | AN46: 250 | AO46: 250 | AP46: 250 | AQ46: 250 | AR46: 250 | AS46: 250 | AT46: 250 | AU46: 250 | AV46: 250 | AW46: 250 | AX46: 250
A47: Reductions — Onshore contractors ($K) | C47: 0 | D47: 0 | E47: 0 | F47: 0 | G47: 0 | H47: 0 | I47: 0 | J47: 8 | K47: 16 | L47: 24 | M47: 32 | N47: 40 | O47: 48 | P47: 56 | Q47: 64 | R47: 72 | S47: 80 | T47: 88 | U47: 96 | V47: 104 | W47: 112 | X47: 120 | Y47: 128 | Z47: 136 | AA47: 144 | AB47: 152 | AC47: 160 | AD47: 168 | AE47: 176 | AF47: 184 | AG47: 192 | AH47: 200 | AI47: 200 | AJ47: 200 | AK47: 200 | AL47: 200 | AM47: 200 | AN47: 200 | AO47: 200 | AP47: 200 | AQ47: 200 | AR47: 200 | AS47: 200 | AT47: 200 | AU47: 200 | AV47: 200 | AW47: 200 | AX47: 200
A48: Reductions — Employees / Other ($K) | C48: 0 | D48: 0 | E48: 0 | F48: 0 | G48: 0 | H48: 0 | I48: 0 | J48: 0 | K48: 0 | L48: 0 | M48: 4 | N48: 8 | O48: 12 | P48: 16 | Q48: 20 | R48: 24 | S48: 28 | T48: 32 | U48: 36 | V48: 40 | W48: 44 | X48: 48 | Y48: 52 | Z48: 56 | AA48: 60 | AB48: 64 | AC48: 68 | AD48: 72 | AE48: 76 | AF48: 80 | AG48: 84 | AH48: 88 | AI48: 92 | AJ48: 96 | AK48: 100 | AL48: 100 | AM48: 100 | AN48: 100 | AO48: 100 | AP48: 100 | AQ48: 100 | AR48: 100 | AS48: 100 | AT48: 100 | AU48: 100 | AV48: 100 | AW48: 100 | AX48: 100
A49: India cost adds ($K) | C49: 22 | D49: 45 | E49: 68 | F49: 90 | G49: 112 | H49: 135 | I49: 158 | J49: 180 | K49: 202 | L49: 225 | M49: 248 | N49: 270 | O49: 308 | P49: 345 | Q49: 382 | R49: 420 | S49: 458 | T49: 495 | U49: 532 | V49: 570 | W49: 608 | X49: 645 | Y49: 682 | Z49: 720 | AA49: 720 | AB49: 720 | AC49: 720 | AD49: 720 | AE49: 720 | AF49: 720 | AG49: 720 | AH49: 720 | AI49: 720 | AJ49: 720 | AK49: 720 | AL49: 720 | AM49: 720 | AN49: 720 | AO49: 720 | AP49: 720 | AQ49: 720 | AR49: 720 | AS49: 720 | AT49: 720 | AU49: 720 | AV49: 720 | AW49: 720 | AX49: 720
A50: Net labor arbitrage ($K) | C50: =SUM(C45:C48)-C49 | D50: =SUM(D45:D48)-D49 | E50: =SUM(E45:E48)-E49 | F50: =SUM(F45:F48)-F49 | G50: =SUM(G45:G48)-G49 | H50: =SUM(H45:H48)-H49 | I50: =SUM(I45:I48)-I49 | J50: =SUM(J45:J48)-J49 | ... AX50: =SUM(AX45:AX48)-AX49
A52: =CONCATENATE("ORG: ",Setup!$B$9)
A53: India hires (heads) | C53: 5 | D53: 5 | E53: 5 | F53: 5 | G53: 5 | H53: 5 | I53: 5 | J53: 5 | K53: 5 | L53: 5 | M53: 5 | N53: 5 | O53: 9 | P53: 9 | Q53: 9 | R53: 9 | S53: 9 | T53: 9 | U53: 9 | V53: 9 | W53: 9 | X53: 9 | Y53: 9 | Z53: 9 | AA53: 0 | AB53: 0 | AC53: 0 | AD53: 0 | AE53: 0 | AF53: 0 | AG53: 0 | AH53: 0 | AI53: 0 | AJ53: 0 | AK53: 0 | AL53: 0 | AM53: 0 | AN53: 0 | AO53: 0 | AP53: 0 | AQ53: 0 | AR53: 0 | AS53: 0 | AT53: 0 | AU53: 0 | AV53: 0 | AW53: 0 | AX53: 0
A54: Reductions — Professional services ($K) | C54: 0 | D54: 0 | E54: 0 | F54: 0 | G54: 22 | H54: 45 | I54: 68 | J54: 90 | K54: 112 | L54: 135 | M54: 158 | N54: 180 | O54: 202 | P54: 225 | Q54: 248 | R54: 270 | S54: 292 | T54: 315 | U54: 338 | V54: 360 | W54: 382 | X54: 405 | Y54: 428 | Z54: 450 | AA54: 472 | AB54: 495 | AC54: 518 | AD54: 540 | AE54: 540 | AF54: 540 | AG54: 540 | AH54: 540 | AI54: 540 | AJ54: 540 | AK54: 540 | AL54: 540 | AM54: 540 | AN54: 540 | AO54: 540 | AP54: 540 | AQ54: 540 | AR54: 540 | AS54: 540 | AT54: 540 | AU54: 540 | AV54: 540 | AW54: 540 | AX54: 540
A55: Reductions — Offshore contractors ($K) | C55: 0 | D55: 0 | E55: 0 | F55: 0 | G55: 0 | H55: 0 | I55: 0 | J55: 9 | K55: 18 | L55: 27 | M55: 36 | N55: 45 | O55: 54 | P55: 63 | Q55: 72 | R55: 81 | S55: 90 | T55: 99 | U55: 108 | V55: 117 | W55: 126 | X55: 135 | Y55: 144 | Z55: 153 | AA55: 162 | AB55: 171 | AC55: 180 | AD55: 189 | AE55: 198 | AF55: 207 | AG55: 216 | AH55: 225 | AI55: 225 | AJ55: 225 | AK55: 225 | AL55: 225 | AM55: 225 | AN55: 225 | AO55: 225 | AP55: 225 | AQ55: 225 | AR55: 225 | AS55: 225 | AT55: 225 | AU55: 225 | AV55: 225 | AW55: 225 | AX55: 225
A56: Reductions — Onshore contractors ($K) | C56: 0 | D56: 0 | E56: 0 | F56: 0 | G56: 0 | H56: 0 | I56: 0 | J56: 7 | K56: 14 | L56: 22 | M56: 29 | N56: 36 | O56: 43 | P56: 50 | Q56: 58 | R56: 65 | S56: 72 | T56: 79 | U56: 86 | V56: 94 | W56: 101 | X56: 108 | Y56: 115 | Z56: 122 | AA56: 130 | AB56: 137 | AC56: 144 | AD56: 151 | AE56: 158 | AF56: 166 | AG56: 173 | AH56: 180 | AI56: 180 | AJ56: 180 | AK56: 180 | AL56: 180 | AM56: 180 | AN56: 180 | AO56: 180 | AP56: 180 | AQ56: 180 | AR56: 180 | AS56: 180 | AT56: 180 | AU56: 180 | AV56: 180 | AW56: 180 | AX56: 180
A57: Reductions — Employees / Other ($K) | C57: 0 | D57: 0 | E57: 0 | F57: 0 | G57: 0 | H57: 0 | I57: 0 | J57: 0 | K57: 0 | L57: 0 | M57: 4 | N57: 7 | O57: 11 | P57: 14 | Q57: 18 | R57: 22 | S57: 25 | T57: 29 | U57: 32 | V57: 36 | W57: 40 | X57: 43 | Y57: 47 | Z57: 50 | AA57: 54 | AB57: 58 | AC57: 61 | AD57: 65 | AE57: 68 | AF57: 72 | AG57: 76 | AH57: 79 | AI57: 83 | AJ57: 86 | AK57: 90 | AL57: 90 | AM57: 90 | AN57: 90 | AO57: 90 | AP57: 90 | AQ57: 90 | AR57: 90 | AS57: 90 | AT57: 90 | AU57: 90 | AV57: 90 | AW57: 90 | AX57: 90
A58: India cost adds ($K) | C58: 19 | D58: 38 | E58: 56 | F58: 75 | G58: 94 | H58: 112 | I58: 131 | J58: 150 | K58: 169 | L58: 188 | M58: 206 | N58: 225 | O58: 259 | P58: 292 | Q58: 326 | R58: 360 | S58: 394 | T58: 428 | U58: 461 | V58: 495 | W58: 529 | X58: 562 | Y58: 596 | Z58: 630 | AA58: 630 | AB58: 630 | AC58: 630 | AD58: 630 | AE58: 630 | AF58: 630 | AG58: 630 | AH58: 630 | AI58: 630 | AJ58: 630 | AK58: 630 | AL58: 630 | AM58: 630 | AN58: 630 | AO58: 630 | AP58: 630 | AQ58: 630 | AR58: 630 | AS58: 630 | AT58: 630 | AU58: 630 | AV58: 630 | AW58: 630 | AX58: 630
A59: Net labor arbitrage ($K) | C59: =SUM(C54:C57)-C58 | D59: =SUM(D54:D57)-D58 | E59: =SUM(E54:E57)-E58 | F59: =SUM(F54:F57)-F58 | G59: =SUM(G54:G57)-G58 | H59: =SUM(H54:H57)-H58 | I59: =SUM(I54:I57)-I58 | J59: =SUM(J54:J57)-J58 | ... AX59: =SUM(AX54:AX57)-AX58
A61: =CONCATENATE("ORG: ",Setup!$B$10)
A62: India hires (heads) | C62: 4 | D62: 4 | E62: 4 | F62: 4 | G62: 4 | H62: 4 | I62: 4 | J62: 4 | K62: 4 | L62: 4 | M62: 4 | N62: 4 | O62: 7 | P62: 7 | Q62: 7 | R62: 7 | S62: 7 | T62: 7 | U62: 7 | V62: 7 | W62: 7 | X62: 7 | Y62: 7 | Z62: 7 | AA62: 0 | AB62: 0 | AC62: 0 | AD62: 0 | AE62: 0 | AF62: 0 | AG62: 0 | AH62: 0 | AI62: 0 | AJ62: 0 | AK62: 0 | AL62: 0 | AM62: 0 | AN62: 0 | AO62: 0 | AP62: 0 | AQ62: 0 | AR62: 0 | AS62: 0 | AT62: 0 | AU62: 0 | AV62: 0 | AW62: 0 | AX62: 0
A63: Reductions — Professional services ($K) | C63: 0 | D63: 0 | E63: 0 | F63: 0 | G63: 18 | H63: 35 | I63: 52 | J63: 70 | K63: 88 | L63: 105 | M63: 122 | N63: 140 | O63: 158 | P63: 175 | Q63: 192 | R63: 210 | S63: 227 | T63: 245 | U63: 262 | V63: 280 | W63: 298 | X63: 315 | Y63: 332 | Z63: 350 | AA63: 368 | AB63: 385 | AC63: 402 | AD63: 420 | AE63: 420 | AF63: 420 | AG63: 420 | AH63: 420 | AI63: 420 | AJ63: 420 | AK63: 420 | AL63: 420 | AM63: 420 | AN63: 420 | AO63: 420 | AP63: 420 | AQ63: 420 | AR63: 420 | AS63: 420 | AT63: 420 | AU63: 420 | AV63: 420 | AW63: 420 | AX63: 420
A64: Reductions — Offshore contractors ($K) | C64: 0 | D64: 0 | E64: 0 | F64: 0 | G64: 0 | H64: 0 | I64: 0 | J64: 7 | K64: 14 | L64: 21 | M64: 28 | N64: 35 | O64: 42 | P64: 49 | Q64: 56 | R64: 63 | S64: 70 | T64: 77 | U64: 84 | V64: 91 | W64: 98 | X64: 105 | Y64: 112 | Z64: 119 | AA64: 126 | AB64: 133 | AC64: 140 | AD64: 147 | AE64: 154 | AF64: 161 | AG64: 168 | AH64: 175 | AI64: 175 | AJ64: 175 | AK64: 175 | AL64: 175 | AM64: 175 | AN64: 175 | AO64: 175 | AP64: 175 | AQ64: 175 | AR64: 175 | AS64: 175 | AT64: 175 | AU64: 175 | AV64: 175 | AW64: 175 | AX64: 175
A65: Reductions — Onshore contractors ($K) | C65: 0 | D65: 0 | E65: 0 | F65: 0 | G65: 0 | H65: 0 | I65: 0 | J65: 6 | K65: 11 | L65: 17 | M65: 22 | N65: 28 | O65: 34 | P65: 39 | Q65: 45 | R65: 50 | S65: 56 | T65: 62 | U65: 67 | V65: 73 | W65: 78 | X65: 84 | Y65: 90 | Z65: 95 | AA65: 101 | AB65: 106 | AC65: 112 | AD65: 118 | AE65: 123 | AF65: 129 | AG65: 134 | AH65: 140 | AI65: 140 | AJ65: 140 | AK65: 140 | AL65: 140 | AM65: 140 | AN65: 140 | AO65: 140 | AP65: 140 | AQ65: 140 | AR65: 140 | AS65: 140 | AT65: 140 | AU65: 140 | AV65: 140 | AW65: 140 | AX65: 140
A66: Reductions — Employees / Other ($K) | C66: 0 | D66: 0 | E66: 0 | F66: 0 | G66: 0 | H66: 0 | I66: 0 | J66: 0 | K66: 0 | L66: 0 | M66: 3 | N66: 6 | O66: 8 | P66: 11 | Q66: 14 | R66: 17 | S66: 20 | T66: 22 | U66: 25 | V66: 28 | W66: 31 | X66: 34 | Y66: 36 | Z66: 39 | AA66: 42 | AB66: 45 | AC66: 48 | AD66: 50 | AE66: 53 | AF66: 56 | AG66: 59 | AH66: 62 | AI66: 64 | AJ66: 67 | AK66: 70 | AL66: 70 | AM66: 70 | AN66: 70 | AO66: 70 | AP66: 70 | AQ66: 70 | AR66: 70 | AS66: 70 | AT66: 70 | AU66: 70 | AV66: 70 | AW66: 70 | AX66: 70
A67: India cost adds ($K) | C67: 15 | D67: 30 | E67: 45 | F67: 60 | G67: 75 | H67: 90 | I67: 105 | J67: 120 | K67: 135 | L67: 150 | M67: 165 | N67: 180 | O67: 206 | P67: 232 | Q67: 259 | R67: 285 | S67: 311 | T67: 338 | U67: 364 | V67: 390 | W67: 416 | X67: 442 | Y67: 469 | Z67: 495 | AA67: 495 | AB67: 495 | AC67: 495 | AD67: 495 | AE67: 495 | AF67: 495 | AG67: 495 | AH67: 495 | AI67: 495 | AJ67: 495 | AK67: 495 | AL67: 495 | AM67: 495 | AN67: 495 | AO67: 495 | AP67: 495 | AQ67: 495 | AR67: 495 | AS67: 495 | AT67: 495 | AU67: 495 | AV67: 495 | AW67: 495 | AX67: 495
A68: Net labor arbitrage ($K) | C68: =SUM(C63:C66)-C67 | D68: =SUM(D63:D66)-D67 | E68: =SUM(E63:E66)-E67 | F68: =SUM(F63:F66)-F67 | G68: =SUM(G63:G66)-G67 | H68: =SUM(H63:H66)-H67 | I68: =SUM(I63:I66)-I67 | J68: =SUM(J63:J66)-J67 | ... AX68: =SUM(AX63:AX66)-AX67
A70: =CONCATENATE("ORG: ",Setup!$B$11)
A71: India hires (heads) | C71: 2 | D71: 2 | E71: 2 | F71: 2 | G71: 2 | H71: 2 | I71: 2 | J71: 2 | K71: 2 | L71: 2 | M71: 2 | N71: 2 | O71: 3 | P71: 3 | Q71: 3 | R71: 3 | S71: 3 | T71: 3 | U71: 3 | V71: 3 | W71: 3 | X71: 3 | Y71: 3 | Z71: 3 | AA71: 0 | AB71: 0 | AC71: 0 | AD71: 0 | AE71: 0 | AF71: 0 | AG71: 0 | AH71: 0 | AI71: 0 | AJ71: 0 | AK71: 0 | AL71: 0 | AM71: 0 | AN71: 0 | AO71: 0 | AP71: 0 | AQ71: 0 | AR71: 0 | AS71: 0 | AT71: 0 | AU71: 0 | AV71: 0 | AW71: 0 | AX71: 0
A72: Reductions — Professional services ($K) | C72: 0 | D72: 0 | E72: 0 | F72: 0 | G72: 8 | H72: 15 | I72: 22 | J72: 30 | K72: 38 | L72: 45 | M72: 52 | N72: 60 | O72: 68 | P72: 75 | Q72: 82 | R72: 90 | S72: 98 | T72: 105 | U72: 112 | V72: 120 | W72: 128 | X72: 135 | Y72: 142 | Z72: 150 | AA72: 158 | AB72: 165 | AC72: 172 | AD72: 180 | AE72: 180 | AF72: 180 | AG72: 180 | AH72: 180 | AI72: 180 | AJ72: 180 | AK72: 180 | AL72: 180 | AM72: 180 | AN72: 180 | AO72: 180 | AP72: 180 | AQ72: 180 | AR72: 180 | AS72: 180 | AT72: 180 | AU72: 180 | AV72: 180 | AW72: 180 | AX72: 180
A73: Reductions — Offshore contractors ($K) | C73: 0 | D73: 0 | E73: 0 | F73: 0 | G73: 0 | H73: 0 | I73: 0 | J73: 3 | K73: 6 | L73: 9 | M73: 12 | N73: 15 | O73: 18 | P73: 21 | Q73: 24 | R73: 27 | S73: 30 | T73: 33 | U73: 36 | V73: 39 | W73: 42 | X73: 45 | Y73: 48 | Z73: 51 | AA73: 54 | AB73: 57 | AC73: 60 | AD73: 63 | AE73: 66 | AF73: 69 | AG73: 72 | AH73: 75 | AI73: 75 | AJ73: 75 | AK73: 75 | AL73: 75 | AM73: 75 | AN73: 75 | AO73: 75 | AP73: 75 | AQ73: 75 | AR73: 75 | AS73: 75 | AT73: 75 | AU73: 75 | AV73: 75 | AW73: 75 | AX73: 75
A74: Reductions — Onshore contractors ($K) | C74: 0 | D74: 0 | E74: 0 | F74: 0 | G74: 0 | H74: 0 | I74: 0 | J74: 2 | K74: 5 | L74: 7 | M74: 10 | N74: 12 | O74: 14 | P74: 17 | Q74: 19 | R74: 22 | S74: 24 | T74: 26 | U74: 29 | V74: 31 | W74: 34 | X74: 36 | Y74: 38 | Z74: 41 | AA74: 43 | AB74: 46 | AC74: 48 | AD74: 50 | AE74: 53 | AF74: 55 | AG74: 58 | AH74: 60 | AI74: 60 | AJ74: 60 | AK74: 60 | AL74: 60 | AM74: 60 | AN74: 60 | AO74: 60 | AP74: 60 | AQ74: 60 | AR74: 60 | AS74: 60 | AT74: 60 | AU74: 60 | AV74: 60 | AW74: 60 | AX74: 60
A75: Reductions — Employees / Other ($K) | C75: 0 | D75: 0 | E75: 0 | F75: 0 | G75: 0 | H75: 0 | I75: 0 | J75: 0 | K75: 0 | L75: 0 | M75: 1 | N75: 2 | O75: 4 | P75: 5 | Q75: 6 | R75: 7 | S75: 8 | T75: 10 | U75: 11 | V75: 12 | W75: 13 | X75: 14 | Y75: 16 | Z75: 17 | AA75: 18 | AB75: 19 | AC75: 20 | AD75: 22 | AE75: 23 | AF75: 24 | AG75: 25 | AH75: 26 | AI75: 28 | AJ75: 29 | AK75: 30 | AL75: 30 | AM75: 30 | AN75: 30 | AO75: 30 | AP75: 30 | AQ75: 30 | AR75: 30 | AS75: 30 | AT75: 30 | AU75: 30 | AV75: 30 | AW75: 30 | AX75: 30
A76: India cost adds ($K) | C76: 8 | D76: 15 | E76: 22 | F76: 30 | G76: 38 | H76: 45 | I76: 52 | J76: 60 | K76: 68 | L76: 75 | M76: 82 | N76: 90 | O76: 101 | P76: 112 | Q76: 124 | R76: 135 | S76: 146 | T76: 158 | U76: 169 | V76: 180 | W76: 191 | X76: 202 | Y76: 214 | Z76: 225 | AA76: 225 | AB76: 225 | AC76: 225 | AD76: 225 | AE76: 225 | AF76: 225 | AG76: 225 | AH76: 225 | AI76: 225 | AJ76: 225 | AK76: 225 | AL76: 225 | AM76: 225 | AN76: 225 | AO76: 225 | AP76: 225 | AQ76: 225 | AR76: 225 | AS76: 225 | AT76: 225 | AU76: 225 | AV76: 225 | AW76: 225 | AX76: 225
A77: Net labor arbitrage ($K) | C77: =SUM(C72:C75)-C76 | D77: =SUM(D72:D75)-D76 | E77: =SUM(E72:E75)-E76 | F77: =SUM(F72:F75)-F76 | G77: =SUM(G72:G75)-G76 | H77: =SUM(H72:H75)-H76 | I77: =SUM(I72:I75)-I76 | J77: =SUM(J72:J75)-J76 | ... AX77: =SUM(AX72:AX75)-AX76

Sheet Org_1
A1: =CONCATENATE("ORG: ",Setup!$B$4)
A2: Enter BLUE cells only. GREEN = central fill. GREY = linked target (do not edit). See READ ME + Guiding Principles tabs.
C4: 2026 | O4: 2027 | AA4: 2028 | AM4: 2029
A5: Metric | B5: Unit / who fills | C5: 46023 | D5: 46054 | E5: 46082 | F5: 46113 | G5: 46143 | H5: 46174 | I5: 46204 | J5: 46235 | K5: 46266 | L5: 46296 | M5: 46327 | N5: 46357 | O5: 46388 | P5: 46419 | Q5: 46447 | R5: 46478 | S5: 46508 | T5: 46539 | U5: 46569 | V5: 46600 | W5: 46631 | X5: 46661 | Y5: 46692 | Z5: 46722 | AA5: 46753 | AB5: 46784 | AC5: 46813 | AD5: 46844 | AE5: 46874 | AF5: 46905 | AG5: 46935 | AH5: 46966 | AI5: 46997 | AJ5: 47027 | AK5: 47058 | AL5: 47088 | AM5: 47119 | AN5: 47150 | AO5: 47178 | AP5: 47209 | AQ5: 47239 | AR5: 47270 | AS5: 47300 | AT5: 47331 | AU5: 47362 | AV5: 47392 | AW5: 47423 | AX5: 47453
A6: A. INDIA HIRING
A7: India hires — Target | B7: heads · linked | C7: =Targets!C8 | D7: =Targets!D8 | E7: =Targets!E8 | F7: =Targets!F8 | G7: =Targets!G8 | H7: =Targets!H8 | I7: =Targets!I8 | J7: =Targets!J8 | ... AX7: =Targets!AX8
A8: India hires — Actual | B8: heads · central (PlanIt) | C8: 5 | D8: 6 | E8: 6
A9: Cumulative hires — Target | B9: heads · auto | C9: =SUM($C7:C7) | D9: =SUM($C7:D7) | E9: =SUM($C7:E7) | F9: =SUM($C7:F7) | G9: =SUM($C7:G7) | H9: =SUM($C7:H7) | I9: =SUM($C7:I7) | J9: =SUM($C7:J7) | ... AX9: =SUM($C7:AX7)
A10: Cumulative hires — Actual | B10: heads · auto | C10: =SUM($C8:C8) | D10: =SUM($C8:D8) | E10: =SUM($C8:E8) | F10: =SUM($C8:F8) | G10: =SUM($C8:G8) | H10: =SUM($C8:H8) | I10: =SUM($C8:I8) | J10: =SUM($C8:J8) | ... AX10: =SUM($C8:AX8)
A11: Hires variance (Actual − Target), cumulative | B11: heads · auto | C11: =C10-C9 | D11: =D10-D9 | E11: =E10-E9 | F11: =F10-F9 | G11: =G10-G9 | H11: =H10-H9 | I11: =I10-I9 | J11: =J10-J9 | ... AX11: =AX10-AX9
A12: Avg India loaded comp — Plan | B12: $K/yr · central (PlanIt) | C12: 45 | D12: 45 | E12: 45
A13: Avg India loaded comp — Actual | B13: $K/yr · central (PlanIt) | C13: 44 | D13: 46 | E13: 47
A14: India attrition in month | B14: heads · central (HR) | C14: 0 | D14: 0 | E14: 1
A15: % of India hires fully productive | B15: % · org input | C15: 0 | D15: 0.2 | E15: 0.4
A16: B. GROSS REDUCTIONS REALIZED IN PERIOD
A17: Professional services — Target | B17: $K · linked | C17: =Targets!C9 | D17: =Targets!D9 | E17: =Targets!E9 | F17: =Targets!F9 | G17: =Targets!G9 | H17: =Targets!H9 | I17: =Targets!I9 | J17: =Targets!J9 | ... AX17: =Targets!AX9
A18: Professional services — Actual | B18: $K · org input | C18: 0 | D18: 20 | E18: 45
A19: Offshore contractors — Target | B19: $K · linked | C19: =Targets!C10 | D19: =Targets!D10 | E19: =Targets!E10 | F19: =Targets!F10 | G19: =Targets!G10 | H19: =Targets!H10 | I19: =Targets!I10 | J19: =Targets!J10 | ... AX19: =Targets!AX10
A20: Offshore contractors — Actual | B20: $K · org input | C20: 0 | D20: 0 | E20: 10
A21: Onshore contractors — Target | B21: $K · linked | C21: =Targets!C11 | D21: =Targets!D11 | E21: =Targets!E11 | F21: =Targets!F11 | G21: =Targets!G11 | H21: =Targets!H11 | I21: =Targets!I11 | J21: =Targets!J11 | ... AX21: =Targets!AX11
A22: Onshore contractors — Actual | B22: $K · org input | C22: 0 | D22: 0 | E22: 5
A23: Employees / Other — Target | B23: $K · linked | C23: =Targets!C12 | D23: =Targets!D12 | E23: =Targets!E12 | F23: =Targets!F12 | G23: =Targets!G12 | H23: =Targets!H12 | I23: =Targets!I12 | J23: =Targets!J12 | ... AX23: =Targets!AX12
A24: Employees / Other — Actual | B24: $K · org input | C24: 0 | D24: 0 | E24: 0
A25: Total gross reductions — Target | B25: $K · auto | C25: =C17+C19+C21+C23 | D25: =D17+D19+D21+D23 | E25: =E17+E19+E21+E23 | F25: =F17+F19+F21+F23 | G25: =G17+G19+G21+G23 | H25: =H17+H19+H21+H23 | I25: =I17+I19+I21+I23 | J25: =J17+J19+J21+J23 | ... AX25: =AX17+AX19+AX21+AX23
A26: Total gross reductions — Actual | B26: $K · auto | C26: =C18+C20+C22+C24 | D26: =D18+D20+D22+D24 | E26: =E18+E20+E22+E24 | F26: =F18+F20+F22+F24 | G26: =G18+G20+G22+G24 | H26: =H18+H20+H22+H24 | I26: =I18+I20+I22+I24 | J26: =J18+J20+J22+J24 | ... AX26: =AX18+AX20+AX22+AX24
A27: Gross reductions variance | B27: $K · auto | C27: =C26-C25 | D27: =D26-D25 | E27: =E26-E25 | F27: =F26-F25 | G27: =G26-G25 | H27: =H26-H25 | I27: =I26-I25 | J27: =J26-J25 | ... AX27: =AX26-AX25
A28: Headcount reduced in month — Actual | B28: heads · org input | C28: 0 | D28: 1 | E28: 3
A29: Exit run-rate of reductions (annualized) | B29: $K · org input | C29: 0 | D29: 240 | E29: 720
A30: C. INDIA COST ADDS
A31: India loaded cost adds — Target | B31: $K · linked | C31: =Targets!C13 | D31: =Targets!D13 | E31: =Targets!E13 | F31: =Targets!F13 | G31: =Targets!G13 | H31: =Targets!H13 | I31: =Targets!I13 | J31: =Targets!J13 | ... AX31: =Targets!AX13
A32: India loaded cost adds — Actual | B32: $K · org input | C32: 19 | D32: 41 | E32: 64
A33: One-time transition costs (memo — never net) | B33: $K · org input | C33: 35 | D33: 15 | E33: 10
A34: D. NET LABOR ARBITRAGE (B − C)
A35: Net labor arbitrage — Target | B35: $K · linked | C35: =Targets!C14 | D35: =Targets!D14 | E35: =Targets!E14 | F35: =Targets!F14 | G35: =Targets!G14 | H35: =Targets!H14 | I35: =Targets!I14 | J35: =Targets!J14 | ... AX35: =Targets!AX14
A36: Net labor arbitrage — Actual | B36: $K · auto | C36: =C26-C32 | D36: =D26-D32 | E36: =E26-E32 | F36: =F26-F32 | G36: =G26-G32 | H36: =H26-H32 | I36: =I26-I32 | J36: =J26-J32 | ... AX36: =AX26-AX32
A37: Net variance (Actual − Target) | B37: $K · auto | C37: =C36-C35 | D37: =D36-D35 | E37: =E36-E35 | F37: =F36-F35 | G37: =G36-G35 | H37: =H36-H35 | I37: =I36-I35 | J37: =J36-J35 | ... AX37: =AX36-AX35
A38: Cumulative net arbitrage — Target | B38: $K · auto | C38: =SUM($C35:C35) | D38: =SUM($C35:D35) | E38: =SUM($C35:E35) | F38: =SUM($C35:F35) | G38: =SUM($C35:G35) | H38: =SUM($C35:H35) | I38: =SUM($C35:I35) | J38: =SUM($C35:J35) | ... AX38: =SUM($C35:AX35)
A39: Cumulative net arbitrage — Actual | B39: $K · auto | C39: =SUM($C36:C36) | D39: =SUM($C36:D36) | E39: =SUM($C36:E36) | F39: =SUM($C36:F36) | G39: =SUM($C36:G36) | H39: =SUM($C36:H36) | I39: =SUM($C36:I36) | J39: =SUM($C36:J36) | ... AX39: =SUM($C36:AX36)
A40: E. STATUS, ATTESTATION & COMMENTARY
A41: Overall RAG status for month | B41: G/A/R · org input | C41: Green | D41: Green | E41: Amber
A42: Attest: reductions free of leakage? | B42: Y/N · org input | C42: Y | D42: Y | E42: Y
A43: Attested by (org finance partner) | B43: name · org input | C43: A. Partner | D43: A. Partner | E43: A. Partner
A44: Commentary (required on material variance) | B44: text · org input | E44: Prof services roll-off slipped ~1 month; recovery expected Apr.

Sheet Org_2
A1: =CONCATENATE("ORG: ",Setup!$B$5)
A2: Enter BLUE cells only. GREEN = central fill. GREY = linked target (do not edit). See READ ME + Guiding Principles tabs.
C4: 2026 | O4: 2027 | AA4: 2028 | AM4: 2029
A5: Metric | B5: Unit / who fills | C5: 46023 | D5: 46054 | E5: 46082 | F5: 46113 | G5: 46143 | H5: 46174 | I5: 46204 | J5: 46235 | K5: 46266 | L5: 46296 | M5: 46327 | N5: 46357 | O5: 46388 | P5: 46419 | Q5: 46447 | R5: 46478 | S5: 46508 | T5: 46539 | U5: 46569 | V5: 46600 | W5: 46631 | X5: 46661 | Y5: 46692 | Z5: 46722 | AA5: 46753 | AB5: 46784 | AC5: 46813 | AD5: 46844 | AE5: 46874 | AF5: 46905 | AG5: 46935 | AH5: 46966 | AI5: 46997 | AJ5: 47027 | AK5: 47058 | AL5: 47088 | AM5: 47119 | AN5: 47150 | AO5: 47178 | AP5: 47209 | AQ5: 47239 | AR5: 47270 | AS5: 47300 | AT5: 47331 | AU5: 47362 | AV5: 47392 | AW5: 47423 | AX5: 47453
A6: A. INDIA HIRING
A7: India hires — Target | B7: heads · linked | C7: =Targets!C17 | D7: =Targets!D17 | E7: =Targets!E17 | F7: =Targets!F17 | G7: =Targets!G17 | H7: =Targets!H17 | I7: =Targets!I17 | J7: =Targets!J17 | ... AX7: =Targets!AX17
A8: India hires — Actual | B8: heads · central (PlanIt)
A9: Cumulative hires — Target | B9: heads · auto | C9: =SUM($C7:C7) | D9: =SUM($C7:D7) | E9: =SUM($C7:E7) | F9: =SUM($C7:F7) | G9: =SUM($C7:G7) | H9: =SUM($C7:H7) | I9: =SUM($C7:I7) | J9: =SUM($C7:J7) | ... AX9: =SUM($C7:AX7)
A10: Cumulative hires — Actual | B10: heads · auto | C10: =SUM($C8:C8) | D10: =SUM($C8:D8) | E10: =SUM($C8:E8) | F10: =SUM($C8:F8) | G10: =SUM($C8:G8) | H10: =SUM($C8:H8) | I10: =SUM($C8:I8) | J10: =SUM($C8:J8) | ... AX10: =SUM($C8:AX8)
A11: Hires variance (Actual − Target), cumulative | B11: heads · auto | C11: =C10-C9 | D11: =D10-D9 | E11: =E10-E9 | F11: =F10-F9 | G11: =G10-G9 | H11: =H10-H9 | I11: =I10-I9 | J11: =J10-J9 | ... AX11: =AX10-AX9
A12: Avg India loaded comp — Plan | B12: $K/yr · central (PlanIt)
A13: Avg India loaded comp — Actual | B13: $K/yr · central (PlanIt)
A14: India attrition in month | B14: heads · central (HR)
A15: % of India hires fully productive | B15: % · org input
A16: B. GROSS REDUCTIONS REALIZED IN PERIOD
A17: Professional services — Target | B17: $K · linked | C17: =Targets!C18 | D17: =Targets!D18 | E17: =Targets!E18 | F17: =Targets!F18 | G17: =Targets!G18 | H17: =Targets!H18 | I17: =Targets!I18 | J17: =Targets!J18 | ... AX17: =Targets!AX18
A18: Professional services — Actual | B18: $K · org input
A19: Offshore contractors — Target | B19: $K · linked | C19: =Targets!C19 | D19: =Targets!D19 | E19: =Targets!E19 | F19: =Targets!F19 | G19: =Targets!G19 | H19: =Targets!H19 | I19: =Targets!I19 | J19: =Targets!J19 | ... AX19: =Targets!AX19
A20: Offshore contractors — Actual | B20: $K · org input
A21: Onshore contractors — Target | B21: $K · linked | C21: =Targets!C20 | D21: =Targets!D20 | E21: =Targets!E20 | F21: =Targets!F20 | G21: =Targets!G20 | H21: =Targets!H20 | I21: =Targets!I20 | J21: =Targets!J20 | ... AX21: =Targets!AX20
A22: Onshore contractors — Actual | B22: $K · org input
A23: Employees / Other — Target | B23: $K · linked | C23: =Targets!C21 | D23: =Targets!D21 | E23: =Targets!E21 | F23: =Targets!F21 | G23: =Targets!G21 | H23: =Targets!H21 | I23: =Targets!I21 | J23: =Targets!J21 | ... AX23: =Targets!AX21
A24: Employees / Other — Actual | B24: $K · org input
A25: Total gross reductions — Target | B25: $K · auto | C25: =C17+C19+C21+C23 | D25: =D17+D19+D21+D23 | E25: =E17+E19+E21+E23 | F25: =F17+F19+F21+F23 | G25: =G17+G19+G21+G23 | H25: =H17+H19+H21+H23 | I25: =I17+I19+I21+I23 | J25: =J17+J19+J21+J23 | ... AX25: =AX17+AX19+AX21+AX23
A26: Total gross reductions — Actual | B26: $K · auto | C26: =C18+C20+C22+C24 | D26: =D18+D20+D22+D24 | E26: =E18+E20+E22+E24 | F26: =F18+F20+F22+F24 | G26: =G18+G20+G22+G24 | H26: =H18+H20+H22+H24 | I26: =I18+I20+I22+I24 | J26: =J18+J20+J22+J24 | ... AX26: =AX18+AX20+AX22+AX24
A27: Gross reductions variance | B27: $K · auto | C27: =C26-C25 | D27: =D26-D25 | E27: =E26-E25 | F27: =F26-F25 | G27: =G26-G25 | H27: =H26-H25 | I27: =I26-I25 | J27: =J26-J25 | ... AX27: =AX26-AX25
A28: Headcount reduced in month — Actual | B28: heads · org input
A29: Exit run-rate of reductions (annualized) | B29: $K · org input
A30: C. INDIA COST ADDS
A31: India loaded cost adds — Target | B31: $K · linked | C31: =Targets!C22 | D31: =Targets!D22 | E31: =Targets!E22 | F31: =Targets!F22 | G31: =Targets!G22 | H31: =Targets!H22 | I31: =Targets!I22 | J31: =Targets!J22 | ... AX31: =Targets!AX22
A32: India loaded cost adds — Actual | B32: $K · org input
A33: One-time transition costs (memo — never net) | B33: $K · org input
A34: D. NET LABOR ARBITRAGE (B − C)
A35: Net labor arbitrage — Target | B35: $K · linked | C35: =Targets!C23 | D35: =Targets!D23 | E35: =Targets!E23 | F35: =Targets!F23 | G35: =Targets!G23 | H35: =Targets!H23 | I35: =Targets!I23 | J35: =Targets!J23 | ... AX35: =Targets!AX23
A36: Net labor arbitrage — Actual | B36: $K · auto | C36: =C26-C32 | D36: =D26-D32 | E36: =E26-E32 | F36: =F26-F32 | G36: =G26-G32 | H36: =H26-H32 | I36: =I26-I32 | J36: =J26-J32 | ... AX36: =AX26-AX32
A37: Net variance (Actual − Target) | B37: $K · auto | C37: =C36-C35 | D37: =D36-D35 | E37: =E36-E35 | F37: =F36-F35 | G37: =G36-G35 | H37: =H36-H35 | I37: =I36-I35 | J37: =J36-J35 | ... AX37: =AX36-AX35
A38: Cumulative net arbitrage — Target | B38: $K · auto | C38: =SUM($C35:C35) | D38: =SUM($C35:D35) | E38: =SUM($C35:E35) | F38: =SUM($C35:F35) | G38: =SUM($C35:G35) | H38: =SUM($C35:H35) | I38: =SUM($C35:I35) | J38: =SUM($C35:J35) | ... AX38: =SUM($C35:AX35)
A39: Cumulative net arbitrage — Actual | B39: $K · auto | C39: =SUM($C36:C36) | D39: =SUM($C36:D36) | E39: =SUM($C36:E36) | F39: =SUM($C36:F36) | G39: =SUM($C36:G36) | H39: =SUM($C36:H36) | I39: =SUM($C36:I36) | J39: =SUM($C36:J36) | ... AX39: =SUM($C36:AX36)
A40: E. STATUS, ATTESTATION & COMMENTARY
A41: Overall RAG status for month | B41: G/A/R · org input
A42: Attest: reductions free of leakage? | B42: Y/N · org input
A43: Attested by (org finance partner) | B43: name · org input
A44: Commentary (required on material variance) | B44: text · org input

Sheet Org_3
A1: =CONCATENATE("ORG: ",Setup!$B$6)
A2: Enter BLUE cells only. GREEN = central fill. GREY = linked target (do not edit). See READ ME + Guiding Principles tabs.
C4: 2026 | O4: 2027 | AA4: 2028 | AM4: 2029
A5: Metric | B5: Unit / who fills | C5: 46023 | D5: 46054 | E5: 46082 | F5: 46113 | G5: 46143 | H5: 46174 | I5: 46204 | J5: 46235 | K5: 46266 | L5: 46296 | M5: 46327 | N5: 46357 | O5: 46388 | P5: 46419 | Q5: 46447 | R5: 46478 | S5: 46508 | T5: 46539 | U5: 46569 | V5: 46600 | W5: 46631 | X5: 46661 | Y5: 46692 | Z5: 46722 | AA5: 46753 | AB5: 46784 | AC5: 46813 | AD5: 46844 | AE5: 46874 | AF5: 46905 | AG5: 46935 | AH5: 46966 | AI5: 46997 | AJ5: 47027 | AK5: 47058 | AL5: 47088 | AM5: 47119 | AN5: 47150 | AO5: 47178 | AP5: 47209 | AQ5: 47239 | AR5: 47270 | AS5: 47300 | AT5: 47331 | AU5: 47362 | AV5: 47392 | AW5: 47423 | AX5: 47453
A6: A. INDIA HIRING
A7: India hires — Target | B7: heads · linked | C7: =Targets!C26 | D7: =Targets!D26 | E7: =Targets!E26 | F7: =Targets!F26 | G7: =Targets!G26 | H7: =Targets!H26 | I7: =Targets!I26 | J7: =Targets!J26 | ... AX7: =Targets!AX26
A8: India hires — Actual | B8: heads · central (PlanIt)
A9: Cumulative hires — Target | B9: heads · auto | C9: =SUM($C7:C7) | D9: =SUM($C7:D7) | E9: =SUM($C7:E7) | F9: =SUM($C7:F7) | G9: =SUM($C7:G7) | H9: =SUM($C7:H7) | I9: =SUM($C7:I7) | J9: =SUM($C7:J7) | ... AX9: =SUM($C7:AX7)
A10: Cumulative hires — Actual | B10: heads · auto | C10: =SUM($C8:C8) | D10: =SUM($C8:D8) | E10: =SUM($C8:E8) | F10: =SUM($C8:F8) | G10: =SUM($C8:G8) | H10: =SUM($C8:H8) | I10: =SUM($C8:I8) | J10: =SUM($C8:J8) | ... AX10: =SUM($C8:AX8)
A11: Hires variance (Actual − Target), cumulative | B11: heads · auto | C11: =C10-C9 | D11: =D10-D9 | E11: =E10-E9 | F11: =F10-F9 | G11: =G10-G9 | H11: =H10-H9 | I11: =I10-I9 | J11: =J10-J9 | ... AX11: =AX10-AX9
A12: Avg India loaded comp — Plan | B12: $K/yr · central (PlanIt)
A13: Avg India loaded comp — Actual | B13: $K/yr · central (PlanIt)
A14: India attrition in month | B14: heads · central (HR)
A15: % of India hires fully productive | B15: % · org input
A16: B. GROSS REDUCTIONS REALIZED IN PERIOD
A17: Professional services — Target | B17: $K · linked | C17: =Targets!C27 | D17: =Targets!D27 | E17: =Targets!E27 | F17: =Targets!F27 | G17: =Targets!G27 | H17: =Targets!H27 | I17: =Targets!I27 | J17: =Targets!J27 | ... AX17: =Targets!AX27
A18: Professional services — Actual | B18: $K · org input
A19: Offshore contractors — Target | B19: $K · linked | C19: =Targets!C28 | D19: =Targets!D28 | E19: =Targets!E28 | F19: =Targets!F28 | G19: =Targets!G28 | H19: =Targets!H28 | I19: =Targets!I28 | J19: =Targets!J28 | ... AX19: =Targets!AX28
A20: Offshore contractors — Actual | B20: $K · org input
A21: Onshore contractors — Target | B21: $K · linked | C21: =Targets!C29 | D21: =Targets!D29 | E21: =Targets!E29 | F21: =Targets!F29 | G21: =Targets!G29 | H21: =Targets!H29 | I21: =Targets!I29 | J21: =Targets!J29 | ... AX21: =Targets!AX29
A22: Onshore contractors — Actual | B22: $K · org input
A23: Employees / Other — Target | B23: $K · linked | C23: =Targets!C30 | D23: =Targets!D30 | E23: =Targets!E30 | F23: =Targets!F30 | G23: =Targets!G30 | H23: =Targets!H30 | I23: =Targets!I30 | J23: =Targets!J30 | ... AX23: =Targets!AX30
A24: Employees / Other — Actual | B24: $K · org input
A25: Total gross reductions — Target | B25: $K · auto | C25: =C17+C19+C21+C23 | D25: =D17+D19+D21+D23 | E25: =E17+E19+E21+E23 | F25: =F17+F19+F21+F23 | G25: =G17+G19+G21+G23 | H25: =H17+H19+H21+H23 | I25: =I17+I19+I21+I23 | J25: =J17+J19+J21+J23 | ... AX25: =AX17+AX19+AX21+AX23
A26: Total gross reductions — Actual | B26: $K · auto | C26: =C18+C20+C22+C24 | D26: =D18+D20+D22+D24 | E26: =E18+E20+E22+E24 | F26: =F18+F20+F22+F24 | G26: =G18+G20+G22+G24 | H26: =H18+H20+H22+H24 | I26: =I18+I20+I22+I24 | J26: =J18+J20+J22+J24 | ... AX26: =AX18+AX20+AX22+AX24
A27: Gross reductions variance | B27: $K · auto | C27: =C26-C25 | D27: =D26-D25 | E27: =E26-E25 | F27: =F26-F25 | G27: =G26-G25 | H27: =H26-H25 | I27: =I26-I25 | J27: =J26-J25 | ... AX27: =AX26-AX25
A28: Headcount reduced in month — Actual | B28: heads · org input
A29: Exit run-rate of reductions (annualized) | B29: $K · org input
A30: C. INDIA COST ADDS
A31: India loaded cost adds — Target | B31: $K · linked | C31: =Targets!C31 | D31: =Targets!D31 | E31: =Targets!E31 | F31: =Targets!F31 | G31: =Targets!G31 | H31: =Targets!H31 | I31: =Targets!I31 | J31: =Targets!J31 | ... AX31: =Targets!AX31
A32: India loaded cost adds — Actual | B32: $K · org input
A33: One-time transition costs (memo — never net) | B33: $K · org input
A34: D. NET LABOR ARBITRAGE (B − C)
A35: Net labor arbitrage — Target | B35: $K · linked | C35: =Targets!C32 | D35: =Targets!D32 | E35: =Targets!E32 | F35: =Targets!F32 | G35: =Targets!G32 | H35: =Targets!H32 | I35: =Targets!I32 | J35: =Targets!J32 | ... AX35: =Targets!AX32
A36: Net labor arbitrage — Actual | B36: $K · auto | C36: =C26-C32 | D36: =D26-D32 | E36: =E26-E32 | F36: =F26-F32 | G36: =G26-G32 | H36: =H26-H32 | I36: =I26-I32 | J36: =J26-J32 | ... AX36: =AX26-AX32
A37: Net variance (Actual − Target) | B37: $K · auto | C37: =C36-C35 | D37: =D36-D35 | E37: =E36-E35 | F37: =F36-F35 | G37: =G36-G35 | H37: =H36-H35 | I37: =I36-I35 | J37: =J36-J35 | ... AX37: =AX36-AX35
A38: Cumulative net arbitrage — Target | B38: $K · auto | C38: =SUM($C35:C35) | D38: =SUM($C35:D35) | E38: =SUM($C35:E35) | F38: =SUM($C35:F35) | G38: =SUM($C35:G35) | H38: =SUM($C35:H35) | I38: =SUM($C35:I35) | J38: =SUM($C35:J35) | ... AX38: =SUM($C35:AX35)
A39: Cumulative net arbitrage — Actual | B39: $K · auto | C39: =SUM($C36:C36) | D39: =SUM($C36:D36) | E39: =SUM($C36:E36) | F39: =SUM($C36:F36) | G39: =SUM($C36:G36) | H39: =SUM($C36:H36) | I39: =SUM($C36:I36) | J39: =SUM($C36:J36) | ... AX39: =SUM($C36:AX36)
A40: E. STATUS, ATTESTATION & COMMENTARY
A41: Overall RAG status for month | B41: G/A/R · org input
A42: Attest: reductions free of leakage? | B42: Y/N · org input
A43: Attested by (org finance partner) | B43: name · org input
A44: Commentary (required on material variance) | B44: text · org input

Sheet Org_4
A1: =CONCATENATE("ORG: ",Setup!$B$7)
A2: Enter BLUE cells only. GREEN = central fill. GREY = linked target (do not edit). See READ ME + Guiding Principles tabs.
C4: 2026 | O4: 2027 | AA4: 2028 | AM4: 2029
A5: Metric | B5: Unit / who fills | C5: 46023 | D5: 46054 | E5: 46082 | F5: 46113 | G5: 46143 | H5: 46174 | I5: 46204 | J5: 46235 | K5: 46266 | L5: 46296 | M5: 46327 | N5: 46357 | O5: 46388 | P5: 46419 | Q5: 46447 | R5: 46478 | S5: 46508 | T5: 46539 | U5: 46569 | V5: 46600 | W5: 46631 | X5: 46661 | Y5: 46692 | Z5: 46722 | AA5: 46753 | AB5: 46784 | AC5: 46813 | AD5: 46844 | AE5: 46874 | AF5: 46905 | AG5: 46935 | AH5: 46966 | AI5: 46997 | AJ5: 47027 | AK5: 47058 | AL5: 47088 | AM5: 47119 | AN5: 47150 | AO5: 47178 | AP5: 47209 | AQ5: 47239 | AR5: 47270 | AS5: 47300 | AT5: 47331 | AU5: 47362 | AV5: 47392 | AW5: 47423 | AX5: 47453
A6: A. INDIA HIRING
A7: India hires — Target | B7: heads · linked | C7: =Targets!C35 | D7: =Targets!D35 | E7: =Targets!E35 | F7: =Targets!F35 | G7: =Targets!G35 | H7: =Targets!H35 | I7: =Targets!I35 | J7: =Targets!J35 | ... AX7: =Targets!AX35
A8: India hires — Actual | B8: heads · central (PlanIt)
A9: Cumulative hires — Target | B9: heads · auto | C9: =SUM($C7:C7) | D9: =SUM($C7:D7) | E9: =SUM($C7:E7) | F9: =SUM($C7:F7) | G9: =SUM($C7:G7) | H9: =SUM($C7:H7) | I9: =SUM($C7:I7) | J9: =SUM($C7:J7) | ... AX9: =SUM($C7:AX7)
A10: Cumulative hires — Actual | B10: heads · auto | C10: =SUM($C8:C8) | D10: =SUM($C8:D8) | E10: =SUM($C8:E8) | F10: =SUM($C8:F8) | G10: =SUM($C8:G8) | H10: =SUM($C8:H8) | I10: =SUM($C8:I8) | J10: =SUM($C8:J8) | ... AX10: =SUM($C8:AX8)
A11: Hires variance (Actual − Target), cumulative | B11: heads · auto | C11: =C10-C9 | D11: =D10-D9 | E11: =E10-E9 | F11: =F10-F9 | G11: =G10-G9 | H11: =H10-H9 | I11: =I10-I9 | J11: =J10-J9 | ... AX11: =AX10-AX9
A12: Avg India loaded comp — Plan | B12: $K/yr · central (PlanIt)
A13: Avg India loaded comp — Actual | B13: $K/yr · central (PlanIt)
A14: India attrition in month | B14: heads · central (HR)
A15: % of India hires fully productive | B15: % · org input
A16: B. GROSS REDUCTIONS REALIZED IN PERIOD
A17: Professional services — Target | B17: $K · linked | C17: =Targets!C36 | D17: =Targets!D36 | E17: =Targets!E36 | F17: =Targets!F36 | G17: =Targets!G36 | H17: =Targets!H36 | I17: =Targets!I36 | J17: =Targets!J36 | ... AX17: =Targets!AX36
A18: Professional services — Actual | B18: $K · org input
A19: Offshore contractors — Target | B19: $K · linked | C19: =Targets!C37 | D19: =Targets!D37 | E19: =Targets!E37 | F19: =Targets!F37 | G19: =Targets!G37 | H19: =Targets!H37 | I19: =Targets!I37 | J19: =Targets!J37 | ... AX19: =Targets!AX37
A20: Offshore contractors — Actual | B20: $K · org input
A21: Onshore contractors — Target | B21: $K · linked | C21: =Targets!C38 | D21: =Targets!D38 | E21: =Targets!E38 | F21: =Targets!F38 | G21: =Targets!G38 | H21: =Targets!H38 | I21: =Targets!I38 | J21: =Targets!J38 | ... AX21: =Targets!AX38
A22: Onshore contractors — Actual | B22: $K · org input
A23: Employees / Other — Target | B23: $K · linked | C23: =Targets!C39 | D23: =Targets!D39 | E23: =Targets!E39 | F23: =Targets!F39 | G23: =Targets!G39 | H23: =Targets!H39 | I23: =Targets!I39 | J23: =Targets!J39 | ... AX23: =Targets!AX39
A24: Employees / Other — Actual | B24: $K · org input
A25: Total gross reductions — Target | B25: $K · auto | C25: =C17+C19+C21+C23 | D25: =D17+D19+D21+D23 | E25: =E17+E19+E21+E23 | F25: =F17+F19+F21+F23 | G25: =G17+G19+G21+G23 | H25: =H17+H19+H21+H23 | I25: =I17+I19+I21+I23 | J25: =J17+J19+J21+J23 | ... AX25: =AX17+AX19+AX21+AX23
A26: Total gross reductions — Actual | B26: $K · auto | C26: =C18+C20+C22+C24 | D26: =D18+D20+D22+D24 | E26: =E18+E20+E22+E24 | F26: =F18+F20+F22+F24 | G26: =G18+G20+G22+G24 | H26: =H18+H20+H22+H24 | I26: =I18+I20+I22+I24 | J26: =J18+J20+J22+J24 | ... AX26: =AX18+AX20+AX22+AX24
A27: Gross reductions variance | B27: $K · auto | C27: =C26-C25 | D27: =D26-D25 | E27: =E26-E25 | F27: =F26-F25 | G27: =G26-G25 | H27: =H26-H25 | I27: =I26-I25 | J27: =J26-J25 | ... AX27: =AX26-AX25
A28: Headcount reduced in month — Actual | B28: heads · org input
A29: Exit run-rate of reductions (annualized) | B29: $K · org input
A30: C. INDIA COST ADDS
A31: India loaded cost adds — Target | B31: $K · linked | C31: =Targets!C40 | D31: =Targets!D40 | E31: =Targets!E40 | F31: =Targets!F40 | G31: =Targets!G40 | H31: =Targets!H40 | I31: =Targets!I40 | J31: =Targets!J40 | ... AX31: =Targets!AX40
A32: India loaded cost adds — Actual | B32: $K · org input
A33: One-time transition costs (memo — never net) | B33: $K · org input
A34: D. NET LABOR ARBITRAGE (B − C)
A35: Net labor arbitrage — Target | B35: $K · linked | C35: =Targets!C41 | D35: =Targets!D41 | E35: =Targets!E41 | F35: =Targets!F41 | G35: =Targets!G41 | H35: =Targets!H41 | I35: =Targets!I41 | J35: =Targets!J41 | ... AX35: =Targets!AX41
A36: Net labor arbitrage — Actual | B36: $K · auto | C36: =C26-C32 | D36: =D26-D32 | E36: =E26-E32 | F36: =F26-F32 | G36: =G26-G32 | H36: =H26-H32 | I36: =I26-I32 | J36: =J26-J32 | ... AX36: =AX26-AX32
A37: Net variance (Actual − Target) | B37: $K · auto | C37: =C36-C35 | D37: =D36-D35 | E37: =E36-E35 | F37: =F36-F35 | G37: =G36-G35 | H37: =H36-H35 | I37: =I36-I35 | J37: =J36-J35 | ... AX37: =AX36-AX35
A38: Cumulative net arbitrage — Target | B38: $K · auto | C38: =SUM($C35:C35) | D38: =SUM($C35:D35) | E38: =SUM($C35:E35) | F38: =SUM($C35:F35) | G38: =SUM($C35:G35) | H38: =SUM($C35:H35) | I38: =SUM($C35:I35) | J38: =SUM($C35:J35) | ... AX38: =SUM($C35:AX35)
A39: Cumulative net arbitrage — Actual | B39: $K · auto | C39: =SUM($C36:C36) | D39: =SUM($C36:D36) | E39: =SUM($C36:E36) | F39: =SUM($C36:F36) | G39: =SUM($C36:G36) | H39: =SUM($C36:H36) | I39: =SUM($C36:I36) | J39: =SUM($C36:J36) | ... AX39: =SUM($C36:AX36)
A40: E. STATUS, ATTESTATION & COMMENTARY
A41: Overall RAG status for month | B41: G/A/R · org input
A42: Attest: reductions free of leakage? | B42: Y/N · org input
A43: Attested by (org finance partner) | B43: name · org input
A44: Commentary (required on material variance) | B44: text · org input

Sheet Org_5
A1: =CONCATENATE("ORG: ",Setup!$B$8)
A2: Enter BLUE cells only. GREEN = central fill. GREY = linked target (do not edit). See READ ME + Guiding Principles tabs.
C4: 2026 | O4: 2027 | AA4: 2028 | AM4: 2029
A5: Metric | B5: Unit / who fills | C5: 46023 | D5: 46054 | E5: 46082 | F5: 46113 | G5: 46143 | H5: 46174 | I5: 46204 | J5: 46235 | K5: 46266 | L5: 46296 | M5: 46327 | N5: 46357 | O5: 46388 | P5: 46419 | Q5: 46447 | R5: 46478 | S5: 46508 | T5: 46539 | U5: 46569 | V5: 46600 | W5: 46631 | X5: 46661 | Y5: 46692 | Z5: 46722 | AA5: 46753 | AB5: 46784 | AC5: 46813 | AD5: 46844 | AE5: 46874 | AF5: 46905 | AG5: 46935 | AH5: 46966 | AI5: 46997 | AJ5: 47027 | AK5: 47058 | AL5: 47088 | AM5: 47119 | AN5: 47150 | AO5: 47178 | AP5: 47209 | AQ5: 47239 | AR5: 47270 | AS5: 47300 | AT5: 47331 | AU5: 47362 | AV5: 47392 | AW5: 47423 | AX5: 47453
A6: A. INDIA HIRING
A7: India hires — Target | B7: heads · linked | C7: =Targets!C44 | D7: =Targets!D44 | E7: =Targets!E44 | F7: =Targets!F44 | G7: =Targets!G44 | H7: =Targets!H44 | I7: =Targets!I44 | J7: =Targets!J44 | ... AX7: =Targets!AX44
A8: India hires — Actual | B8: heads · central (PlanIt)
A9: Cumulative hires — Target | B9: heads · auto | C9: =SUM($C7:C7) | D9: =SUM($C7:D7) | E9: =SUM($C7:E7) | F9: =SUM($C7:F7) | G9: =SUM($C7:G7) | H9: =SUM($C7:H7) | I9: =SUM($C7:I7) | J9: =SUM($C7:J7) | ... AX9: =SUM($C7:AX7)
A10: Cumulative hires — Actual | B10: heads · auto | C10: =SUM($C8:C8) | D10: =SUM($C8:D8) | E10: =SUM($C8:E8) | F10: =SUM($C8:F8) | G10: =SUM($C8:G8) | H10: =SUM($C8:H8) | I10: =SUM($C8:I8) | J10: =SUM($C8:J8) | ... AX10: =SUM($C8:AX8)
A11: Hires variance (Actual − Target), cumulative | B11: heads · auto | C11: =C10-C9 | D11: =D10-D9 | E11: =E10-E9 | F11: =F10-F9 | G11: =G10-G9 | H11: =H10-H9 | I11: =I10-I9 | J11: =J10-J9 | ... AX11: =AX10-AX9
A12: Avg India loaded comp — Plan | B12: $K/yr · central (PlanIt)
A13: Avg India loaded comp — Actual | B13: $K/yr · central (PlanIt)
A14: India attrition in month | B14: heads · central (HR)
A15: % of India hires fully productive | B15: % · org input
A16: B. GROSS REDUCTIONS REALIZED IN PERIOD
A17: Professional services — Target | B17: $K · linked | C17: =Targets!C45 | D17: =Targets!D45 | E17: =Targets!E45 | F17: =Targets!F45 | G17: =Targets!G45 | H17: =Targets!H45 | I17: =Targets!I45 | J17: =Targets!J45 | ... AX17: =Targets!AX45
A18: Professional services — Actual | B18: $K · org input
A19: Offshore contractors — Target | B19: $K · linked | C19: =Targets!C46 | D19: =Targets!D46 | E19: =Targets!E46 | F19: =Targets!F46 | G19: =Targets!G46 | H19: =Targets!H46 | I19: =Targets!I46 | J19: =Targets!J46 | ... AX19: =Targets!AX46
A20: Offshore contractors — Actual | B20: $K · org input
A21: Onshore contractors — Target | B21: $K · linked | C21: =Targets!C47 | D21: =Targets!D47 | E21: =Targets!E47 | F21: =Targets!F47 | G21: =Targets!G47 | H21: =Targets!H47 | I21: =Targets!I47 | J21: =Targets!J47 | ... AX21: =Targets!AX47
A22: Onshore contractors — Actual | B22: $K · org input
A23: Employees / Other — Target | B23: $K · linked | C23: =Targets!C48 | D23: =Targets!D48 | E23: =Targets!E48 | F23: =Targets!F48 | G23: =Targets!G48 | H23: =Targets!H48 | I23: =Targets!I48 | J23: =Targets!J48 | ... AX23: =Targets!AX48
A24: Employees / Other — Actual | B24: $K · org input
A25: Total gross reductions — Target | B25: $K · auto | C25: =C17+C19+C21+C23 | D25: =D17+D19+D21+D23 | E25: =E17+E19+E21+E23 | F25: =F17+F19+F21+F23 | G25: =G17+G19+G21+G23 | H25: =H17+H19+H21+H23 | I25: =I17+I19+I21+I23 | J25: =J17+J19+J21+J23 | ... AX25: =AX17+AX19+AX21+AX23
A26: Total gross reductions — Actual | B26: $K · auto | C26: =C18+C20+C22+C24 | D26: =D18+D20+D22+D24 | E26: =E18+E20+E22+E24 | F26: =F18+F20+F22+F24 | G26: =G18+G20+G22+G24 | H26: =H18+H20+H22+H24 | I26: =I18+I20+I22+I24 | J26: =J18+J20+J22+J24 | ... AX26: =AX18+AX20+AX22+AX24
A27: Gross reductions variance | B27: $K · auto | C27: =C26-C25 | D27: =D26-D25 | E27: =E26-E25 | F27: =F26-F25 | G27: =G26-G25 | H27: =H26-H25 | I27: =I26-I25 | J27: =J26-J25 | ... AX27: =AX26-AX25
A28: Headcount reduced in month — Actual | B28: heads · org input
A29: Exit run-rate of reductions (annualized) | B29: $K · org input
A30: C. INDIA COST ADDS
A31: India loaded cost adds — Target | B31: $K · linked | C31: =Targets!C49 | D31: =Targets!D49 | E31: =Targets!E49 | F31: =Targets!F49 | G31: =Targets!G49 | H31: =Targets!H49 | I31: =Targets!I49 | J31: =Targets!J49 | ... AX31: =Targets!AX49
A32: India loaded cost adds — Actual | B32: $K · org input
A33: One-time transition costs (memo — never net) | B33: $K · org input
A34: D. NET LABOR ARBITRAGE (B − C)
A35: Net labor arbitrage — Target | B35: $K · linked | C35: =Targets!C50 | D35: =Targets!D50 | E35: =Targets!E50 | F35: =Targets!F50 | G35: =Targets!G50 | H35: =Targets!H50 | I35: =Targets!I50 | J35: =Targets!J50 | ... AX35: =Targets!AX50
A36: Net labor arbitrage — Actual | B36: $K · auto | C36: =C26-C32 | D36: =D26-D32 | E36: =E26-E32 | F36: =F26-F32 | G36: =G26-G32 | H36: =H26-H32 | I36: =I26-I32 | J36: =J26-J32 | ... AX36: =AX26-AX32
A37: Net variance (Actual − Target) | B37: $K · auto | C37: =C36-C35 | D37: =D36-D35 | E37: =E36-E35 | F37: =F36-F35 | G37: =G36-G35 | H37: =H36-H35 | I37: =I36-I35 | J37: =J36-J35 | ... AX37: =AX36-AX35
A38: Cumulative net arbitrage — Target | B38: $K · auto | C38: =SUM($C35:C35) | D38: =SUM($C35:D35) | E38: =SUM($C35:E35) | F38: =SUM($C35:F35) | G38: =SUM($C35:G35) | H38: =SUM($C35:H35) | I38: =SUM($C35:I35) | J38: =SUM($C35:J35) | ... AX38: =SUM($C35:AX35)
A39: Cumulative net arbitrage — Actual | B39: $K · auto | C39: =SUM($C36:C36) | D39: =SUM($C36:D36) | E39: =SUM($C36:E36) | F39: =SUM($C36:F36) | G39: =SUM($C36:G36) | H39: =SUM($C36:H36) | I39: =SUM($C36:I36) | J39: =SUM($C36:J36) | ... AX39: =SUM($C36:AX36)
A40: E. STATUS, ATTESTATION & COMMENTARY
A41: Overall RAG status for month | B41: G/A/R · org input
A42: Attest: reductions free of leakage? | B42: Y/N · org input
A43: Attested by (org finance partner) | B43: name · org input
A44: Commentary (required on material variance) | B44: text · org input

Sheet Org_6
A1: =CONCATENATE("ORG: ",Setup!$B$9)
A2: Enter BLUE cells only. GREEN = central fill. GREY = linked target (do not edit). See READ ME + Guiding Principles tabs.
C4: 2026 | O4: 2027 | AA4: 2028 | AM4: 2029
A5: Metric | B5: Unit / who fills | C5: 46023 | D5: 46054 | E5: 46082 | F5: 46113 | G5: 46143 | H5: 46174 | I5: 46204 | J5: 46235 | K5: 46266 | L5: 46296 | M5: 46327 | N5: 46357 | O5: 46388 | P5: 46419 | Q5: 46447 | R5: 46478 | S5: 46508 | T5: 46539 | U5: 46569 | V5: 46600 | W5: 46631 | X5: 46661 | Y5: 46692 | Z5: 46722 | AA5: 46753 | AB5: 46784 | AC5: 46813 | AD5: 46844 | AE5: 46874 | AF5: 46905 | AG5: 46935 | AH5: 46966 | AI5: 46997 | AJ5: 47027 | AK5: 47058 | AL5: 47088 | AM5: 47119 | AN5: 47150 | AO5: 47178 | AP5: 47209 | AQ5: 47239 | AR5: 47270 | AS5: 47300 | AT5: 47331 | AU5: 47362 | AV5: 47392 | AW5: 47423 | AX5: 47453
A6: A. INDIA HIRING
A7: India hires — Target | B7: heads · linked | C7: =Targets!C53 | D7: =Targets!D53 | E7: =Targets!E53 | F7: =Targets!F53 | G7: =Targets!G53 | H7: =Targets!H53 | I7: =Targets!I53 | J7: =Targets!J53 | ... AX7: =Targets!AX53
A8: India hires — Actual | B8: heads · central (PlanIt)
A9: Cumulative hires — Target | B9: heads · auto | C9: =SUM($C7:C7) | D9: =SUM($C7:D7) | E9: =SUM($C7:E7) | F9: =SUM($C7:F7) | G9: =SUM($C7:G7) | H9: =SUM($C7:H7) | I9: =SUM($C7:I7) | J9: =SUM($C7:J7) | ... AX9: =SUM($C7:AX7)
A10: Cumulative hires — Actual | B10: heads · auto | C10: =SUM($C8:C8) | D10: =SUM($C8:D8) | E10: =SUM($C8:E8) | F10: =SUM($C8:F8) | G10: =SUM($C8:G8) | H10: =SUM($C8:H8) | I10: =SUM($C8:I8) | J10: =SUM($C8:J8) | ... AX10: =SUM($C8:AX8)
A11: Hires variance (Actual − Target), cumulative | B11: heads · auto | C11: =C10-C9 | D11: =D10-D9 | E11: =E10-E9 | F11: =F10-F9 | G11: =G10-G9 | H11: =H10-H9 | I11: =I10-I9 | J11: =J10-J9 | ... AX11: =AX10-AX9
A12: Avg India loaded comp — Plan | B12: $K/yr · central (PlanIt)
A13: Avg India loaded comp — Actual | B13: $K/yr · central (PlanIt)
A14: India attrition in month | B14: heads · central (HR)
A15: % of India hires fully productive | B15: % · org input
A16: B. GROSS REDUCTIONS REALIZED IN PERIOD
A17: Professional services — Target | B17: $K · linked | C17: =Targets!C54 | D17: =Targets!D54 | E17: =Targets!E54 | F17: =Targets!F54 | G17: =Targets!G54 | H17: =Targets!H54 | I17: =Targets!I54 | J17: =Targets!J54 | ... AX17: =Targets!AX54
A18: Professional services — Actual | B18: $K · org input
A19: Offshore contractors — Target | B19: $K · linked | C19: =Targets!C55 | D19: =Targets!D55 | E19: =Targets!E55 | F19: =Targets!F55 | G19: =Targets!G55 | H19: =Targets!H55 | I19: =Targets!I55 | J19: =Targets!J55 | ... AX19: =Targets!AX55
A20: Offshore contractors — Actual | B20: $K · org input
A21: Onshore contractors — Target | B21: $K · linked | C21: =Targets!C56 | D21: =Targets!D56 | E21: =Targets!E56 | F21: =Targets!F56 | G21: =Targets!G56 | H21: =Targets!H56 | I21: =Targets!I56 | J21: =Targets!J56 | ... AX21: =Targets!AX56
A22: Onshore contractors — Actual | B22: $K · org input
A23: Employees / Other — Target | B23: $K · linked | C23: =Targets!C57 | D23: =Targets!D57 | E23: =Targets!E57 | F23: =Targets!F57 | G23: =Targets!G57 | H23: =Targets!H57 | I23: =Targets!I57 | J23: =Targets!J57 | ... AX23: =Targets!AX57
A24: Employees / Other — Actual | B24: $K · org input
A25: Total gross reductions — Target | B25: $K · auto | C25: =C17+C19+C21+C23 | D25: =D17+D19+D21+D23 | E25: =E17+E19+E21+E23 | F25: =F17+F19+F21+F23 | G25: =G17+G19+G21+G23 | H25: =H17+H19+H21+H23 | I25: =I17+I19+I21+I23 | J25: =J17+J19+J21+J23 | ... AX25: =AX17+AX19+AX21+AX23
A26: Total gross reductions — Actual | B26: $K · auto | C26: =C18+C20+C22+C24 | D26: =D18+D20+D22+D24 | E26: =E18+E20+E22+E24 | F26: =F18+F20+F22+F24 | G26: =G18+G20+G22+G24 | H26: =H18+H20+H22+H24 | I26: =I18+I20+I22+I24 | J26: =J18+J20+J22+J24 | ... AX26: =AX18+AX20+AX22+AX24
A27: Gross reductions variance | B27: $K · auto | C27: =C26-C25 | D27: =D26-D25 | E27: =E26-E25 | F27: =F26-F25 | G27: =G26-G25 | H27: =H26-H25 | I27: =I26-I25 | J27: =J26-J25 | ... AX27: =AX26-AX25
A28: Headcount reduced in month — Actual | B28: heads · org input
A29: Exit run-rate of reductions (annualized) | B29: $K · org input
A30: C. INDIA COST ADDS
A31: India loaded cost adds — Target | B31: $K · linked | C31: =Targets!C58 | D31: =Targets!D58 | E31: =Targets!E58 | F31: =Targets!F58 | G31: =Targets!G58 | H31: =Targets!H58 | I31: =Targets!I58 | J31: =Targets!J58 | ... AX31: =Targets!AX58
A32: India loaded cost adds — Actual | B32: $K · org input
A33: One-time transition costs (memo — never net) | B33: $K · org input
A34: D. NET LABOR ARBITRAGE (B − C)
A35: Net labor arbitrage — Target | B35: $K · linked | C35: =Targets!C59 | D35: =Targets!D59 | E35: =Targets!E59 | F35: =Targets!F59 | G35: =Targets!G59 | H35: =Targets!H59 | I35: =Targets!I59 | J35: =Targets!J59 | ... AX35: =Targets!AX59
A36: Net labor arbitrage — Actual | B36: $K · auto | C36: =C26-C32 | D36: =D26-D32 | E36: =E26-E32 | F36: =F26-F32 | G36: =G26-G32 | H36: =H26-H32 | I36: =I26-I32 | J36: =J26-J32 | ... AX36: =AX26-AX32
A37: Net variance (Actual − Target) | B37: $K · auto | C37: =C36-C35 | D37: =D36-D35 | E37: =E36-E35 | F37: =F36-F35 | G37: =G36-G35 | H37: =H36-H35 | I37: =I36-I35 | J37: =J36-J35 | ... AX37: =AX36-AX35
A38: Cumulative net arbitrage — Target | B38: $K · auto | C38: =SUM($C35:C35) | D38: =SUM($C35:D35) | E38: =SUM($C35:E35) | F38: =SUM($C35:F35) | G38: =SUM($C35:G35) | H38: =SUM($C35:H35) | I38: =SUM($C35:I35) | J38: =SUM($C35:J35) | ... AX38: =SUM($C35:AX35)
A39: Cumulative net arbitrage — Actual | B39: $K · auto | C39: =SUM($C36:C36) | D39: =SUM($C36:D36) | E39: =SUM($C36:E36) | F39: =SUM($C36:F36) | G39: =SUM($C36:G36) | H39: =SUM($C36:H36) | I39: =SUM($C36:I36) | J39: =SUM($C36:J36) | ... AX39: =SUM($C36:AX36)
A40: E. STATUS, ATTESTATION & COMMENTARY
A41: Overall RAG status for month | B41: G/A/R · org input
A42: Attest: reductions free of leakage? | B42: Y/N · org input
A43: Attested by (org finance partner) | B43: name · org input
A44: Commentary (required on material variance) | B44: text · org input

Sheet Org_7
A1: =CONCATENATE("ORG: ",Setup!$B$10)
A2: Enter BLUE cells only. GREEN = central fill. GREY = linked target (do not edit). See READ ME + Guiding Principles tabs.
C4: 2026 | O4: 2027 | AA4: 2028 | AM4: 2029
A5: Metric | B5: Unit / who fills | C5: 46023 | D5: 46054 | E5: 46082 | F5: 46113 | G5: 46143 | H5: 46174 | I5: 46204 | J5: 46235 | K5: 46266 | L5: 46296 | M5: 46327 | N5: 46357 | O5: 46388 | P5: 46419 | Q5: 46447 | R5: 46478 | S5: 46508 | T5: 46539 | U5: 46569 | V5: 46600 | W5: 46631 | X5: 46661 | Y5: 46692 | Z5: 46722 | AA5: 46753 | AB5: 46784 | AC5: 46813 | AD5: 46844 | AE5: 46874 | AF5: 46905 | AG5: 46935 | AH5: 46966 | AI5: 46997 | AJ5: 47027 | AK5: 47058 | AL5: 47088 | AM5: 47119 | AN5: 47150 | AO5: 47178 | AP5: 47209 | AQ5: 47239 | AR5: 47270 | AS5: 47300 | AT5: 47331 | AU5: 47362 | AV5: 47392 | AW5: 47423 | AX5: 47453
A6: A. INDIA HIRING
A7: India hires — Target | B7: heads · linked | C7: =Targets!C62 | D7: =Targets!D62 | E7: =Targets!E62 | F7: =Targets!F62 | G7: =Targets!G62 | H7: =Targets!H62 | I7: =Targets!I62 | J7: =Targets!J62 | ... AX7: =Targets!AX62
A8: India hires — Actual | B8: heads · central (PlanIt)
A9: Cumulative hires — Target | B9: heads · auto | C9: =SUM($C7:C7) | D9: =SUM($C7:D7) | E9: =SUM($C7:E7) | F9: =SUM($C7:F7) | G9: =SUM($C7:G7) | H9: =SUM($C7:H7) | I9: =SUM($C7:I7) | J9: =SUM($C7:J7) | ... AX9: =SUM($C7:AX7)
A10: Cumulative hires — Actual | B10: heads · auto | C10: =SUM($C8:C8) | D10: =SUM($C8:D8) | E10: =SUM($C8:E8) | F10: =SUM($C8:F8) | G10: =SUM($C8:G8) | H10: =SUM($C8:H8) | I10: =SUM($C8:I8) | J10: =SUM($C8:J8) | ... AX10: =SUM($C8:AX8)
A11: Hires variance (Actual − Target), cumulative | B11: heads · auto | C11: =C10-C9 | D11: =D10-D9 | E11: =E10-E9 | F11: =F10-F9 | G11: =G10-G9 | H11: =H10-H9 | I11: =I10-I9 | J11: =J10-J9 | ... AX11: =AX10-AX9
A12: Avg India loaded comp — Plan | B12: $K/yr · central (PlanIt)
A13: Avg India loaded comp — Actual | B13: $K/yr · central (PlanIt)
A14: India attrition in month | B14: heads · central (HR)
A15: % of India hires fully productive | B15: % · org input
A16: B. GROSS REDUCTIONS REALIZED IN PERIOD
A17: Professional services — Target | B17: $K · linked | C17: =Targets!C63 | D17: =Targets!D63 | E17: =Targets!E63 | F17: =Targets!F63 | G17: =Targets!G63 | H17: =Targets!H63 | I17: =Targets!I63 | J17: =Targets!J63 | ... AX17: =Targets!AX63
A18: Professional services — Actual | B18: $K · org input
A19: Offshore contractors — Target | B19: $K · linked | C19: =Targets!C64 | D19: =Targets!D64 | E19: =Targets!E64 | F19: =Targets!F64 | G19: =Targets!G64 | H19: =Targets!H64 | I19: =Targets!I64 | J19: =Targets!J64 | ... AX19: =Targets!AX64
A20: Offshore contractors — Actual | B20: $K · org input
A21: Onshore contractors — Target | B21: $K · linked | C21: =Targets!C65 | D21: =Targets!D65 | E21: =Targets!E65 | F21: =Targets!F65 | G21: =Targets!G65 | H21: =Targets!H65 | I21: =Targets!I65 | J21: =Targets!J65 | ... AX21: =Targets!AX65
A22: Onshore contractors — Actual | B22: $K · org input
A23: Employees / Other — Target | B23: $K · linked | C23: =Targets!C66 | D23: =Targets!D66 | E23: =Targets!E66 | F23: =Targets!F66 | G23: =Targets!G66 | H23: =Targets!H66 | I23: =Targets!I66 | J23: =Targets!J66 | ... AX23: =Targets!AX66
A24: Employees / Other — Actual | B24: $K · org input
A25: Total gross reductions — Target | B25: $K · auto | C25: =C17+C19+C21+C23 | D25: =D17+D19+D21+D23 | E25: =E17+E19+E21+E23 | F25: =F17+F19+F21+F23 | G25: =G17+G19+G21+G23 | H25: =H17+H19+H21+H23 | I25: =I17+I19+I21+I23 | J25: =J17+J19+J21+J23 | ... AX25: =AX17+AX19+AX21+AX23
A26: Total gross reductions — Actual | B26: $K · auto | C26: =C18+C20+C22+C24 | D26: =D18+D20+D22+D24 | E26: =E18+E20+E22+E24 | F26: =F18+F20+F22+F24 | G26: =G18+G20+G22+G24 | H26: =H18+H20+H22+H24 | I26: =I18+I20+I22+I24 | J26: =J18+J20+J22+J24 | ... AX26: =AX18+AX20+AX22+AX24
A27: Gross reductions variance | B27: $K · auto | C27: =C26-C25 | D27: =D26-D25 | E27: =E26-E25 | F27: =F26-F25 | G27: =G26-G25 | H27: =H26-H25 | I27: =I26-I25 | J27: =J26-J25 | ... AX27: =AX26-AX25
A28: Headcount reduced in month — Actual | B28: heads · org input
A29: Exit run-rate of reductions (annualized) | B29: $K · org input
A30: C. INDIA COST ADDS
A31: India loaded cost adds — Target | B31: $K · linked | C31: =Targets!C67 | D31: =Targets!D67 | E31: =Targets!E67 | F31: =Targets!F67 | G31: =Targets!G67 | H31: =Targets!H67 | I31: =Targets!I67 | J31: =Targets!J67 | ... AX31: =Targets!AX67
A32: India loaded cost adds — Actual | B32: $K · org input
A33: One-time transition costs (memo — never net) | B33: $K · org input
A34: D. NET LABOR ARBITRAGE (B − C)
A35: Net labor arbitrage — Target | B35: $K · linked | C35: =Targets!C68 | D35: =Targets!D68 | E35: =Targets!E68 | F35: =Targets!F68 | G35: =Targets!G68 | H35: =Targets!H68 | I35: =Targets!I68 | J35: =Targets!J68 | ... AX35: =Targets!AX68
A36: Net labor arbitrage — Actual | B36: $K · auto | C36: =C26-C32 | D36: =D26-D32 | E36: =E26-E32 | F36: =F26-F32 | G36: =G26-G32 | H36: =H26-H32 | I36: =I26-I32 | J36: =J26-J32 | ... AX36: =AX26-AX32
A37: Net variance (Actual − Target) | B37: $K · auto | C37: =C36-C35 | D37: =D36-D35 | E37: =E36-E35 | F37: =F36-F35 | G37: =G36-G35 | H37: =H36-H35 | I37: =I36-I35 | J37: =J36-J35 | ... AX37: =AX36-AX35
A38: Cumulative net arbitrage — Target | B38: $K · auto | C38: =SUM($C35:C35) | D38: =SUM($C35:D35) | E38: =SUM($C35:E35) | F38: =SUM($C35:F35) | G38: =SUM($C35:G35) | H38: =SUM($C35:H35) | I38: =SUM($C35:I35) | J38: =SUM($C35:J35) | ... AX38: =SUM($C35:AX35)
A39: Cumulative net arbitrage — Actual | B39: $K · auto | C39: =SUM($C36:C36) | D39: =SUM($C36:D36) | E39: =SUM($C36:E36) | F39: =SUM($C36:F36) | G39: =SUM($C36:G36) | H39: =SUM($C36:H36) | I39: =SUM($C36:I36) | J39: =SUM($C36:J36) | ... AX39: =SUM($C36:AX36)
A40: E. STATUS, ATTESTATION & COMMENTARY
A41: Overall RAG status for month | B41: G/A/R · org input
A42: Attest: reductions free of leakage? | B42: Y/N · org input
A43: Attested by (org finance partner) | B43: name · org input
A44: Commentary (required on material variance) | B44: text · org input

Sheet Org_8
A1: =CONCATENATE("ORG: ",Setup!$B$11)
A2: Enter BLUE cells only. GREEN = central fill. GREY = linked target (do not edit). See READ ME + Guiding Principles tabs.
C4: 2026 | O4: 2027 | AA4: 2028 | AM4: 2029
A5: Metric | B5: Unit / who fills | C5: 46023 | D5: 46054 | E5: 46082 | F5: 46113 | G5: 46143 | H5: 46174 | I5: 46204 | J5: 46235 | K5: 46266 | L5: 46296 | M5: 46327 | N5: 46357 | O5: 46388 | P5: 46419 | Q5: 46447 | R5: 46478 | S5: 46508 | T5: 46539 | U5: 46569 | V5: 46600 | W5: 46631 | X5: 46661 | Y5: 46692 | Z5: 46722 | AA5: 46753 | AB5: 46784 | AC5: 46813 | AD5: 46844 | AE5: 46874 | AF5: 46905 | AG5: 46935 | AH5: 46966 | AI5: 46997 | AJ5: 47027 | AK5: 47058 | AL5: 47088 | AM5: 47119 | AN5: 47150 | AO5: 47178 | AP5: 47209 | AQ5: 47239 | AR5: 47270 | AS5: 47300 | AT5: 47331 | AU5: 47362 | AV5: 47392 | AW5: 47423 | AX5: 47453
A6: A. INDIA HIRING
A7: India hires — Target | B7: heads · linked | C7: =Targets!C71 | D7: =Targets!D71 | E7: =Targets!E71 | F7: =Targets!F71 | G7: =Targets!G71 | H7: =Targets!H71 | I7: =Targets!I71 | J7: =Targets!J71 | ... AX7: =Targets!AX71
A8: India hires — Actual | B8: heads · central (PlanIt)
A9: Cumulative hires — Target | B9: heads · auto | C9: =SUM($C7:C7) | D9: =SUM($C7:D7) | E9: =SUM($C7:E7) | F9: =SUM($C7:F7) | G9: =SUM($C7:G7) | H9: =SUM($C7:H7) | I9: =SUM($C7:I7) | J9: =SUM($C7:J7) | ... AX9: =SUM($C7:AX7)
A10: Cumulative hires — Actual | B10: heads · auto | C10: =SUM($C8:C8) | D10: =SUM($C8:D8) | E10: =SUM($C8:E8) | F10: =SUM($C8:F8) | G10: =SUM($C8:G8) | H10: =SUM($C8:H8) | I10: =SUM($C8:I8) | J10: =SUM($C8:J8) | ... AX10: =SUM($C8:AX8)
A11: Hires variance (Actual − Target), cumulative | B11: heads · auto | C11: =C10-C9 | D11: =D10-D9 | E11: =E10-E9 | F11: =F10-F9 | G11: =G10-G9 | H11: =H10-H9 | I11: =I10-I9 | J11: =J10-J9 | ... AX11: =AX10-AX9
A12: Avg India loaded comp — Plan | B12: $K/yr · central (PlanIt)
A13: Avg India loaded comp — Actual | B13: $K/yr · central (PlanIt)
A14: India attrition in month | B14: heads · central (HR)
A15: % of India hires fully productive | B15: % · org input
A16: B. GROSS REDUCTIONS REALIZED IN PERIOD
A17: Professional services — Target | B17: $K · linked | C17: =Targets!C72 | D17: =Targets!D72 | E17: =Targets!E72 | F17: =Targets!F72 | G17: =Targets!G72 | H17: =Targets!H72 | I17: =Targets!I72 | J17: =Targets!J72 | ... AX17: =Targets!AX72
A18: Professional services — Actual | B18: $K · org input
A19: Offshore contractors — Target | B19: $K · linked | C19: =Targets!C73 | D19: =Targets!D73 | E19: =Targets!E73 | F19: =Targets!F73 | G19: =Targets!G73 | H19: =Targets!H73 | I19: =Targets!I73 | J19: =Targets!J73 | ... AX19: =Targets!AX73
A20: Offshore contractors — Actual | B20: $K · org input
A21: Onshore contractors — Target | B21: $K · linked | C21: =Targets!C74 | D21: =Targets!D74 | E21: =Targets!E74 | F21: =Targets!F74 | G21: =Targets!G74 | H21: =Targets!H74 | I21: =Targets!I74 | J21: =Targets!J74 | ... AX21: =Targets!AX74
A22: Onshore contractors — Actual | B22: $K · org input
A23: Employees / Other — Target | B23: $K · linked | C23: =Targets!C75 | D23: =Targets!D75 | E23: =Targets!E75 | F23: =Targets!F75 | G23: =Targets!G75 | H23: =Targets!H75 | I23: =Targets!I75 | J23: =Targets!J75 | ... AX23: =Targets!AX75
A24: Employees / Other — Actual | B24: $K · org input
A25: Total gross reductions — Target | B25: $K · auto | C25: =C17+C19+C21+C23 | D25: =D17+D19+D21+D23 | E25: =E17+E19+E21+E23 | F25: =F17+F19+F21+F23 | G25: =G17+G19+G21+G23 | H25: =H17+H19+H21+H23 | I25: =I17+I19+I21+I23 | J25: =J17+J19+J21+J23 | ... AX25: =AX17+AX19+AX21+AX23
A26: Total gross reductions — Actual | B26: $K · auto | C26: =C18+C20+C22+C24 | D26: =D18+D20+D22+D24 | E26: =E18+E20+E22+E24 | F26: =F18+F20+F22+F24 | G26: =G18+G20+G22+G24 | H26: =H18+H20+H22+H24 | I26: =I18+I20+I22+I24 | J26: =J18+J20+J22+J24 | ... AX26: =AX18+AX20+AX22+AX24
A27: Gross reductions variance | B27: $K · auto | C27: =C26-C25 | D27: =D26-D25 | E27: =E26-E25 | F27: =F26-F25 | G27: =G26-G25 | H27: =H26-H25 | I27: =I26-I25 | J27: =J26-J25 | ... AX27: =AX26-AX25
A28: Headcount reduced in month — Actual | B28: heads · org input
A29: Exit run-rate of reductions (annualized) | B29: $K · org input
A30: C. INDIA COST ADDS
A31: India loaded cost adds — Target | B31: $K · linked | C31: =Targets!C76 | D31: =Targets!D76 | E31: =Targets!E76 | F31: =Targets!F76 | G31: =Targets!G76 | H31: =Targets!H76 | I31: =Targets!I76 | J31: =Targets!J76 | ... AX31: =Targets!AX76
A32: India loaded cost adds — Actual | B32: $K · org input
A33: One-time transition costs (memo — never net) | B33: $K · org input
A34: D. NET LABOR ARBITRAGE (B − C)
A35: Net labor arbitrage — Target | B35: $K · linked | C35: =Targets!C77 | D35: =Targets!D77 | E35: =Targets!E77 | F35: =Targets!F77 | G35: =Targets!G77 | H35: =Targets!H77 | I35: =Targets!I77 | J35: =Targets!J77 | ... AX35: =Targets!AX77
A36: Net labor arbitrage — Actual | B36: $K · auto | C36: =C26-C32 | D36: =D26-D32 | E36: =E26-E32 | F36: =F26-F32 | G36: =G26-G32 | H36: =H26-H32 | I36: =I26-I32 | J36: =J26-J32 | ... AX36: =AX26-AX32
A37: Net variance (Actual − Target) | B37: $K · auto | C37: =C36-C35 | D37: =D36-D35 | E37: =E36-E35 | F37: =F36-F35 | G37: =G36-G35 | H37: =H36-H35 | I37: =I36-I35 | J37: =J36-J35 | ... AX37: =AX36-AX35
A38: Cumulative net arbitrage — Target | B38: $K · auto | C38: =SUM($C35:C35) | D38: =SUM($C35:D35) | E38: =SUM($C35:E35) | F38: =SUM($C35:F35) | G38: =SUM($C35:G35) | H38: =SUM($C35:H35) | I38: =SUM($C35:I35) | J38: =SUM($C35:J35) | ... AX38: =SUM($C35:AX35)
A39: Cumulative net arbitrage — Actual | B39: $K · auto | C39: =SUM($C36:C36) | D39: =SUM($C36:D36) | E39: =SUM($C36:E36) | F39: =SUM($C36:F36) | G39: =SUM($C36:G36) | H39: =SUM($C36:H36) | I39: =SUM($C36:I36) | J39: =SUM($C36:J36) | ... AX39: =SUM($C36:AX36)
A40: E. STATUS, ATTESTATION & COMMENTARY
A41: Overall RAG status for month | B41: G/A/R · org input
A42: Attest: reductions free of leakage? | B42: Y/N · org input
A43: Attested by (org finance partner) | B43: name · org input
A44: Commentary (required on material variance) | B44: text · org input

Sheet Consolidation
A1: Program consolidation — all organizations
A2: All values calculated. Numeric rows sum across Org_1..Org_8; comp and % rows are simple averages across orgs.
C4: 2026 | O4: 2027 | AA4: 2028 | AM4: 2029
A5: Metric | B5: Unit / who fills | C5: 46023 | D5: 46054 | E5: 46082 | F5: 46113 | G5: 46143 | H5: 46174 | I5: 46204 | J5: 46235 | K5: 46266 | L5: 46296 | M5: 46327 | N5: 46357 | O5: 46388 | P5: 46419 | Q5: 46447 | R5: 46478 | S5: 46508 | T5: 46539 | U5: 46569 | V5: 46600 | W5: 46631 | X5: 46661 | Y5: 46692 | Z5: 46722 | AA5: 46753 | AB5: 46784 | AC5: 46813 | AD5: 46844 | AE5: 46874 | AF5: 46905 | AG5: 46935 | AH5: 46966 | AI5: 46997 | AJ5: 47027 | AK5: 47058 | AL5: 47088 | AM5: 47119 | AN5: 47150 | AO5: 47178 | AP5: 47209 | AQ5: 47239 | AR5: 47270 | AS5: 47300 | AT5: 47331 | AU5: 47362 | AV5: 47392 | AW5: 47423 | AX5: 47453
A6: A. INDIA HIRING | B6: · auto
A7: India hires — Target | B7: heads · auto | C7: =SUM('Org_1:Org_8'!C7) | D7: =SUM('Org_1:Org_8'!D7) | E7: =SUM('Org_1:Org_8'!E7) | F7: =SUM('Org_1:Org_8'!F7) | G7: =SUM('Org_1:Org_8'!G7) | H7: =SUM('Org_1:Org_8'!H7) | I7: =SUM('Org_1:Org_8'!I7) | J7: =SUM('Org_1:Org_8'!J7) | ... AX7: =SUM('Org_1:Org_8'!AX7)
A8: India hires — Actual | B8: heads · auto | C8: =SUM('Org_1:Org_8'!C8) | D8: =SUM('Org_1:Org_8'!D8) | E8: =SUM('Org_1:Org_8'!E8) | F8: =SUM('Org_1:Org_8'!F8) | G8: =SUM('Org_1:Org_8'!G8) | H8: =SUM('Org_1:Org_8'!H8) | I8: =SUM('Org_1:Org_8'!I8) | J8: =SUM('Org_1:Org_8'!J8) | ... AX8: =SUM('Org_1:Org_8'!AX8)
A9: Cumulative hires — Target | B9: heads · auto | C9: =SUM($C7:C7) | D9: =SUM($C7:D7) | E9: =SUM($C7:E7) | F9: =SUM($C7:F7) | G9: =SUM($C7:G7) | H9: =SUM($C7:H7) | I9: =SUM($C7:I7) | J9: =SUM($C7:J7) | ... AX9: =SUM($C7:AX7)
A10: Cumulative hires — Actual | B10: heads · auto | C10: =SUM($C8:C8) | D10: =SUM($C8:D8) | E10: =SUM($C8:E8) | F10: =SUM($C8:F8) | G10: =SUM($C8:G8) | H10: =SUM($C8:H8) | I10: =SUM($C8:I8) | J10: =SUM($C8:J8) | ... AX10: =SUM($C8:AX8)
A11: Hires variance (Actual − Target), cumulative | B11: heads · auto | C11: =C10-C9 | D11: =D10-D9 | E11: =E10-E9 | F11: =F10-F9 | G11: =G10-G9 | H11: =H10-H9 | I11: =I10-I9 | J11: =J10-J9 | ... AX11: =AX10-AX9
A12: Avg India loaded comp — Plan | B12: $K/yr · auto | C12: =IFERROR(AVERAGE('Org_1:Org_8'!C12),"") | D12: =IFERROR(AVERAGE('Org_1:Org_8'!D12),"") | E12: =IFERROR(AVERAGE('Org_1:Org_8'!E12),"") | F12: =IFERROR(AVERAGE('Org_1:Org_8'!F12),"") | G12: =IFERROR(AVERAGE('Org_1:Org_8'!G12),"") | H12: =IFERROR(AVERAGE('Org_1:Org_8'!H12),"") | I12: =IFERROR(AVERAGE('Org_1:Org_8'!I12),"") | J12: =IFERROR(AVERAGE('Org_1:Org_8'!J12),"") | ... AX12: =IFERROR(AVERAGE('Org_1:Org_8'!AX12),"")
A13: Avg India loaded comp — Actual | B13: $K/yr · auto | C13: =IFERROR(AVERAGE('Org_1:Org_8'!C13),"") | D13: =IFERROR(AVERAGE('Org_1:Org_8'!D13),"") | E13: =IFERROR(AVERAGE('Org_1:Org_8'!E13),"") | F13: =IFERROR(AVERAGE('Org_1:Org_8'!F13),"") | G13: =IFERROR(AVERAGE('Org_1:Org_8'!G13),"") | H13: =IFERROR(AVERAGE('Org_1:Org_8'!H13),"") | I13: =IFERROR(AVERAGE('Org_1:Org_8'!I13),"") | J13: =IFERROR(AVERAGE('Org_1:Org_8'!J13),"") | ... AX13: =IFERROR(AVERAGE('Org_1:Org_8'!AX13),"")
A14: India attrition in month | B14: heads · auto | C14: =SUM('Org_1:Org_8'!C14) | D14: =SUM('Org_1:Org_8'!D14) | E14: =SUM('Org_1:Org_8'!E14) | F14: =SUM('Org_1:Org_8'!F14) | G14: =SUM('Org_1:Org_8'!G14) | H14: =SUM('Org_1:Org_8'!H14) | I14: =SUM('Org_1:Org_8'!I14) | J14: =SUM('Org_1:Org_8'!J14) | ... AX14: =SUM('Org_1:Org_8'!AX14)
A15: % of India hires fully productive | B15: % · auto | C15: =IFERROR(AVERAGE('Org_1:Org_8'!C15),"") | D15: =IFERROR(AVERAGE('Org_1:Org_8'!D15),"") | E15: =IFERROR(AVERAGE('Org_1:Org_8'!E15),"") | F15: =IFERROR(AVERAGE('Org_1:Org_8'!F15),"") | G15: =IFERROR(AVERAGE('Org_1:Org_8'!G15),"") | H15: =IFERROR(AVERAGE('Org_1:Org_8'!H15),"") | I15: =IFERROR(AVERAGE('Org_1:Org_8'!I15),"") | J15: =IFERROR(AVERAGE('Org_1:Org_8'!J15),"") | ... AX15: =IFERROR(AVERAGE('Org_1:Org_8'!AX15),"")
A16: B. GROSS REDUCTIONS REALIZED IN PERIOD | B16: · auto
A17: Professional services — Target | B17: $K · auto | C17: =SUM('Org_1:Org_8'!C17) | D17: =SUM('Org_1:Org_8'!D17) | E17: =SUM('Org_1:Org_8'!E17) | F17: =SUM('Org_1:Org_8'!F17) | G17: =SUM('Org_1:Org_8'!G17) | H17: =SUM('Org_1:Org_8'!H17) | I17: =SUM('Org_1:Org_8'!I17) | J17: =SUM('Org_1:Org_8'!J17) | ... AX17: =SUM('Org_1:Org_8'!AX17)
A18: Professional services — Actual | B18: $K · auto | C18: =SUM('Org_1:Org_8'!C18) | D18: =SUM('Org_1:Org_8'!D18) | E18: =SUM('Org_1:Org_8'!E18) | F18: =SUM('Org_1:Org_8'!F18) | G18: =SUM('Org_1:Org_8'!G18) | H18: =SUM('Org_1:Org_8'!H18) | I18: =SUM('Org_1:Org_8'!I18) | J18: =SUM('Org_1:Org_8'!J18) | ... AX18: =SUM('Org_1:Org_8'!AX18)
A19: Offshore contractors — Target | B19: $K · auto | C19: =SUM('Org_1:Org_8'!C19) | D19: =SUM('Org_1:Org_8'!D19) | E19: =SUM('Org_1:Org_8'!E19) | F19: =SUM('Org_1:Org_8'!F19) | G19: =SUM('Org_1:Org_8'!G19) | H19: =SUM('Org_1:Org_8'!H19) | I19: =SUM('Org_1:Org_8'!I19) | J19: =SUM('Org_1:Org_8'!J19) | ... AX19: =SUM('Org_1:Org_8'!AX19)
A20: Offshore contractors — Actual | B20: $K · auto | C20: =SUM('Org_1:Org_8'!C20) | D20: =SUM('Org_1:Org_8'!D20) | E20: =SUM('Org_1:Org_8'!E20) | F20: =SUM('Org_1:Org_8'!F20) | G20: =SUM('Org_1:Org_8'!G20) | H20: =SUM('Org_1:Org_8'!H20) | I20: =SUM('Org_1:Org_8'!I20) | J20: =SUM('Org_1:Org_8'!J20) | ... AX20: =SUM('Org_1:Org_8'!AX20)
A21: Onshore contractors — Target | B21: $K · auto | C21: =SUM('Org_1:Org_8'!C21) | D21: =SUM('Org_1:Org_8'!D21) | E21: =SUM('Org_1:Org_8'!E21) | F21: =SUM('Org_1:Org_8'!F21) | G21: =SUM('Org_1:Org_8'!G21) | H21: =SUM('Org_1:Org_8'!H21) | I21: =SUM('Org_1:Org_8'!I21) | J21: =SUM('Org_1:Org_8'!J21) | ... AX21: =SUM('Org_1:Org_8'!AX21)
A22: Onshore contractors — Actual | B22: $K · auto | C22: =SUM('Org_1:Org_8'!C22) | D22: =SUM('Org_1:Org_8'!D22) | E22: =SUM('Org_1:Org_8'!E22) | F22: =SUM('Org_1:Org_8'!F22) | G22: =SUM('Org_1:Org_8'!G22) | H22: =SUM('Org_1:Org_8'!H22) | I22: =SUM('Org_1:Org_8'!I22) | J22: =SUM('Org_1:Org_8'!J22) | ... AX22: =SUM('Org_1:Org_8'!AX22)
A23: Employees / Other — Target | B23: $K · auto | C23: =SUM('Org_1:Org_8'!C23) | D23: =SUM('Org_1:Org_8'!D23) | E23: =SUM('Org_1:Org_8'!E23) | F23: =SUM('Org_1:Org_8'!F23) | G23: =SUM('Org_1:Org_8'!G23) | H23: =SUM('Org_1:Org_8'!H23) | I23: =SUM('Org_1:Org_8'!I23) | J23: =SUM('Org_1:Org_8'!J23) | ... AX23: =SUM('Org_1:Org_8'!AX23)
A24: Employees / Other — Actual | B24: $K · auto | C24: =SUM('Org_1:Org_8'!C24) | D24: =SUM('Org_1:Org_8'!D24) | E24: =SUM('Org_1:Org_8'!E24) | F24: =SUM('Org_1:Org_8'!F24) | G24: =SUM('Org_1:Org_8'!G24) | H24: =SUM('Org_1:Org_8'!H24) | I24: =SUM('Org_1:Org_8'!I24) | J24: =SUM('Org_1:Org_8'!J24) | ... AX24: =SUM('Org_1:Org_8'!AX24)
A25: Total gross reductions — Target | B25: $K · auto | C25: =C17+C19+C21+C23 | D25: =D17+D19+D21+D23 | E25: =E17+E19+E21+E23 | F25: =F17+F19+F21+F23 | G25: =G17+G19+G21+G23 | H25: =H17+H19+H21+H23 | I25: =I17+I19+I21+I23 | J25: =J17+J19+J21+J23 | ... AX25: =AX17+AX19+AX21+AX23
A26: Total gross reductions — Actual | B26: $K · auto | C26: =C18+C20+C22+C24 | D26: =D18+D20+D22+D24 | E26: =E18+E20+E22+E24 | F26: =F18+F20+F22+F24 | G26: =G18+G20+G22+G24 | H26: =H18+H20+H22+H24 | I26: =I18+I20+I22+I24 | J26: =J18+J20+J22+J24 | ... AX26: =AX18+AX20+AX22+AX24
A27: Gross reductions variance | B27: $K · auto | C27: =C26-C25 | D27: =D26-D25 | E27: =E26-E25 | F27: =F26-F25 | G27: =G26-G25 | H27: =H26-H25 | I27: =I26-I25 | J27: =J26-J25 | ... AX27: =AX26-AX25
A28: Headcount reduced in month — Actual | B28: heads · auto | C28: =SUM('Org_1:Org_8'!C28) | D28: =SUM('Org_1:Org_8'!D28) | E28: =SUM('Org_1:Org_8'!E28) | F28: =SUM('Org_1:Org_8'!F28) | G28: =SUM('Org_1:Org_8'!G28) | H28: =SUM('Org_1:Org_8'!H28) | I28: =SUM('Org_1:Org_8'!I28) | J28: =SUM('Org_1:Org_8'!J28) | ... AX28: =SUM('Org_1:Org_8'!AX28)
A29: Exit run-rate of reductions (annualized) | B29: $K · auto | C29: =SUM('Org_1:Org_8'!C29) | D29: =SUM('Org_1:Org_8'!D29) | E29: =SUM('Org_1:Org_8'!E29) | F29: =SUM('Org_1:Org_8'!F29) | G29: =SUM('Org_1:Org_8'!G29) | H29: =SUM('Org_1:Org_8'!H29) | I29: =SUM('Org_1:Org_8'!I29) | J29: =SUM('Org_1:Org_8'!J29) | ... AX29: =SUM('Org_1:Org_8'!AX29)
A30: C. INDIA COST ADDS | B30: · auto
A31: India loaded cost adds — Target | B31: $K · auto | C31: =SUM('Org_1:Org_8'!C31) | D31: =SUM('Org_1:Org_8'!D31) | E31: =SUM('Org_1:Org_8'!E31) | F31: =SUM('Org_1:Org_8'!F31) | G31: =SUM('Org_1:Org_8'!G31) | H31: =SUM('Org_1:Org_8'!H31) | I31: =SUM('Org_1:Org_8'!I31) | J31: =SUM('Org_1:Org_8'!J31) | ... AX31: =SUM('Org_1:Org_8'!AX31)
A32: India loaded cost adds — Actual | B32: $K · auto | C32: =SUM('Org_1:Org_8'!C32) | D32: =SUM('Org_1:Org_8'!D32) | E32: =SUM('Org_1:Org_8'!E32) | F32: =SUM('Org_1:Org_8'!F32) | G32: =SUM('Org_1:Org_8'!G32) | H32: =SUM('Org_1:Org_8'!H32) | I32: =SUM('Org_1:Org_8'!I32) | J32: =SUM('Org_1:Org_8'!J32) | ... AX32: =SUM('Org_1:Org_8'!AX32)
A33: One-time transition costs (memo — never net) | B33: $K · auto | C33: =SUM('Org_1:Org_8'!C33) | D33: =SUM('Org_1:Org_8'!D33) | E33: =SUM('Org_1:Org_8'!E33) | F33: =SUM('Org_1:Org_8'!F33) | G33: =SUM('Org_1:Org_8'!G33) | H33: =SUM('Org_1:Org_8'!H33) | I33: =SUM('Org_1:Org_8'!I33) | J33: =SUM('Org_1:Org_8'!J33) | ... AX33: =SUM('Org_1:Org_8'!AX33)
A34: D. NET LABOR ARBITRAGE (B − C) | B34: · auto
A35: Net labor arbitrage — Target | B35: $K · auto | C35: =SUM('Org_1:Org_8'!C35) | D35: =SUM('Org_1:Org_8'!D35) | E35: =SUM('Org_1:Org_8'!E35) | F35: =SUM('Org_1:Org_8'!F35) | G35: =SUM('Org_1:Org_8'!G35) | H35: =SUM('Org_1:Org_8'!H35) | I35: =SUM('Org_1:Org_8'!I35) | J35: =SUM('Org_1:Org_8'!J35) | ... AX35: =SUM('Org_1:Org_8'!AX35)
A36: Net labor arbitrage — Actual | B36: $K · auto | C36: =C26-C32 | D36: =D26-D32 | E36: =E26-E32 | F36: =F26-F32 | G36: =G26-G32 | H36: =H26-H32 | I36: =I26-I32 | J36: =J26-J32 | ... AX36: =AX26-AX32
A37: Net variance (Actual − Target) | B37: $K · auto | C37: =C36-C35 | D37: =D36-D35 | E37: =E36-E35 | F37: =F36-F35 | G37: =G36-G35 | H37: =H36-H35 | I37: =I36-I35 | J37: =J36-J35 | ... AX37: =AX36-AX35
A38: Cumulative net arbitrage — Target | B38: $K · auto | C38: =SUM($C35:C35) | D38: =SUM($C35:D35) | E38: =SUM($C35:E35) | F38: =SUM($C35:F35) | G38: =SUM($C35:G35) | H38: =SUM($C35:H35) | I38: =SUM($C35:I35) | J38: =SUM($C35:J35) | ... AX38: =SUM($C35:AX35)
A39: Cumulative net arbitrage — Actual | B39: $K · auto | C39: =SUM($C36:C36) | D39: =SUM($C36:D36) | E39: =SUM($C36:E36) | F39: =SUM($C36:F36) | G39: =SUM($C36:G36) | H39: =SUM($C36:H36) | I39: =SUM($C36:I36) | J39: =SUM($C36:J36) | ... AX39: =SUM($C36:AX36)
A40: E. STATUS, ATTESTATION & COMMENTARY | B40: · auto
A41: Overall RAG status for month | B41: see org tabs / Dashboard
A42: Attest: reductions free of leakage? | B42: see org tabs / Dashboard
A43: Attested by (org finance partner) | B43: see org tabs / Dashboard
A44: Commentary (required on material variance) | B44: see org tabs / Dashboard

Sheet Dashboard
A1: India Labor Arbitrage Program — Executive Dashboard
A3: PROGRAM KPIs (inception-to-date over all entered months)
A4: Cumulative India hires — Target (program) | B4: =SUM(Consolidation!C7:AX7)
A5: Cumulative India hires — Actual (program) | B5: =SUM(Consolidation!C8:AX8)
A6: Net labor arbitrage ITD — Target ($K) | B6: =SUM(Consolidation!C35:AX35)
A7: Net labor arbitrage ITD — Actual ($K) | B7: =SUM(Consolidation!C36:AX36)
A8: Exit run-rate of reductions, latest reported ($K annualized) | B8: =LOOKUP(9.99E+307,Consolidation!C29:AX29)
A11: ANNUAL SUMMARY
B12: 2026 | C12: 2027 | D12: 2028 | E12: 2029
A13: India hires — Target (heads) | B13: =SUM(Consolidation!C7:N7) | C13: =SUM(Consolidation!O7:Z7) | D13: =SUM(Consolidation!AA7:AL7) | E13: =SUM(Consolidation!AM7:AX7)
A14: India hires — Actual (heads) | B14: =SUM(Consolidation!C8:N8) | C14: =SUM(Consolidation!O8:Z8) | D14: =SUM(Consolidation!AA8:AL8) | E14: =SUM(Consolidation!AM8:AX8)
A15: Gross reductions — Target ($K) | B15: =SUM(Consolidation!C25:N25) | C15: =SUM(Consolidation!O25:Z25) | D15: =SUM(Consolidation!AA25:AL25) | E15: =SUM(Consolidation!AM25:AX25)
A16: Gross reductions — Actual ($K) | B16: =SUM(Consolidation!C26:N26) | C16: =SUM(Consolidation!O26:Z26) | D16: =SUM(Consolidation!AA26:AL26) | E16: =SUM(Consolidation!AM26:AX26)
A17: India cost adds — Actual ($K) | B17: =SUM(Consolidation!C32:N32) | C17: =SUM(Consolidation!O32:Z32) | D17: =SUM(Consolidation!AA32:AL32) | E17: =SUM(Consolidation!AM32:AX32)
A18: One-time transition costs ($K) | B18: =SUM(Consolidation!C33:N33) | C18: =SUM(Consolidation!O33:Z33) | D18: =SUM(Consolidation!AA33:AL33) | E18: =SUM(Consolidation!AM33:AX33)
A19: Net labor arbitrage — Target ($K) | B19: =SUM(Consolidation!C35:N35) | C19: =SUM(Consolidation!O35:Z35) | D19: =SUM(Consolidation!AA35:AL35) | E19: =SUM(Consolidation!AM35:AX35)
A20: Net labor arbitrage — Actual ($K) | B20: =SUM(Consolidation!C36:N36) | C20: =SUM(Consolidation!O36:Z36) | D20: =SUM(Consolidation!AA36:AL36) | E20: =SUM(Consolidation!AM36:AX36)
A22: MONTHLY TREND — NET LABOR ARBITRAGE ($K) | C22: 2026 | O22: 2027 | AA22: 2028 | AM22: 2029
A23: Metric | B23: Unit / who fills | C23: 46023 | D23: 46054 | E23: 46082 | F23: 46113 | G23: 46143 | H23: 46174 | I23: 46204 | J23: 46235 | K23: 46266 | L23: 46296 | M23: 46327 | N23: 46357 | O23: 46388 | P23: 46419 | Q23: 46447 | R23: 46478 | S23: 46508 | T23: 46539 | U23: 46569 | V23: 46600 | W23: 46631 | X23: 46661 | Y23: 46692 | Z23: 46722 | AA23: 46753 | AB23: 46784 | AC23: 46813 | AD23: 46844 | AE23: 46874 | AF23: 46905 | AG23: 46935 | AH23: 46966 | AI23: 46997 | AJ23: 47027 | AK23: 47058 | AL23: 47088 | AM23: 47119 | AN23: 47150 | AO23: 47178 | AP23: 47209 | AQ23: 47239 | AR23: 47270 | AS23: 47300 | AT23: 47331 | AU23: 47362 | AV23: 47392 | AW23: 47423 | AX23: 47453
A24: Net arbitrage — Target | C24: =Consolidation!C35 | D24: =Consolidation!D35 | E24: =Consolidation!E35 | F24: =Consolidation!F35 | G24: =Consolidation!G35 | H24: =Consolidation!H35 | I24: =Consolidation!I35 | J24: =Consolidation!J35 | ... AX24: =Consolidation!AX35
A25: Net arbitrage — Actual | C25: =Consolidation!C36 | D25: =Consolidation!D36 | E25: =Consolidation!E36 | F25: =Consolidation!F36 | G25: =Consolidation!G36 | H25: =Consolidation!H36 | I25: =Consolidation!I36 | J25: =Consolidation!J36 | ... AX25: =Consolidation!AX36
A26: Cumulative — Target | C26: =Consolidation!C38 | D26: =Consolidation!D38 | E26: =Consolidation!E38 | F26: =Consolidation!F38 | G26: =Consolidation!G38 | H26: =Consolidation!H38 | I26: =Consolidation!I38 | J26: =Consolidation!J38 | ... AX26: =Consolidation!AX38
A27: Cumulative — Actual | C27: =Consolidation!C39 | D27: =Consolidation!D39 | E27: =Consolidation!E39 | F27: =Consolidation!F39 | G27: =Consolidation!G39 | H27: =Consolidation!H39 | I27: =Consolidation!I39 | J27: =Consolidation!J39 | ... AX27: =Consolidation!AX39
A29: RAG STATUS BY ORGANIZATION
A30: =Setup!$B$4 | C30: =IF('Org_1'!C41="","",'Org_1'!C41) | D30: =IF('Org_1'!D41="","",'Org_1'!D41) | E30: =IF('Org_1'!E41="","",'Org_1'!E41) | F30: =IF('Org_1'!F41="","",'Org_1'!F41) | G30: =IF('Org_1'!G41="","",'Org_1'!G41) | H30: =IF('Org_1'!H41="","",'Org_1'!H41) | I30: =IF('Org_1'!I41="","",'Org_1'!I41) | J30: =IF('Org_1'!J41="","",'Org_1'!J41) | ... AX30: =IF('Org_1'!AX41="","",'Org_1'!AX41)
A31: =Setup!$B$5 | C31: =IF('Org_2'!C41="","",'Org_2'!C41) | D31: =IF('Org_2'!D41="","",'Org_2'!D41) | E31: =IF('Org_2'!E41="","",'Org_2'!E41) | F31: =IF('Org_2'!F41="","",'Org_2'!F41) | G31: =IF('Org_2'!G41="","",'Org_2'!G41) | H31: =IF('Org_2'!H41="","",'Org_2'!H41) | I31: =IF('Org_2'!I41="","",'Org_2'!I41) | J31: =IF('Org_2'!J41="","",'Org_2'!J41) | ... AX31: =IF('Org_2'!AX41="","",'Org_2'!AX41)
A32: =Setup!$B$6 | C32: =IF('Org_3'!C41="","",'Org_3'!C41) | D32: =IF('Org_3'!D41="","",'Org_3'!D41) | E32: =IF('Org_3'!E41="","",'Org_3'!E41) | F32: =IF('Org_3'!F41="","",'Org_3'!F41) | G32: =IF('Org_3'!G41="","",'Org_3'!G41) | H32: =IF('Org_3'!H41="","",'Org_3'!H41) | I32: =IF('Org_3'!I41="","",'Org_3'!I41) | J32: =IF('Org_3'!J41="","",'Org_3'!J41) | ... AX32: =IF('Org_3'!AX41="","",'Org_3'!AX41)
A33: =Setup!$B$7 | C33: =IF('Org_4'!C41="","",'Org_4'!C41) | D33: =IF('Org_4'!D41="","",'Org_4'!D41) | E33: =IF('Org_4'!E41="","",'Org_4'!E41) | F33: =IF('Org_4'!F41="","",'Org_4'!F41) | G33: =IF('Org_4'!G41="","",'Org_4'!G41) | H33: =IF('Org_4'!H41="","",'Org_4'!H41) | I33: =IF('Org_4'!I41="","",'Org_4'!I41) | J33: =IF('Org_4'!J41="","",'Org_4'!J41) | ... AX33: =IF('Org_4'!AX41="","",'Org_4'!AX41)
A34: =Setup!$B$8 | C34: =IF('Org_5'!C41="","",'Org_5'!C41) | D34: =IF('Org_5'!D41="","",'Org_5'!D41) | E34: =IF('Org_5'!E41="","",'Org_5'!E41) | F34: =IF('Org_5'!F41="","",'Org_5'!F41) | G34: =IF('Org_5'!G41="","",'Org_5'!G41) | H34: =IF('Org_5'!H41="","",'Org_5'!H41) | I34: =IF('Org_5'!I41="","",'Org_5'!I41) | J34: =IF('Org_5'!J41="","",'Org_5'!J41) | ... AX34: =IF('Org_5'!AX41="","",'Org_5'!AX41)
A35: =Setup!$B$9 | C35: =IF('Org_6'!C41="","",'Org_6'!C41) | D35: =IF('Org_6'!D41="","",'Org_6'!D41) | E35: =IF('Org_6'!E41="","",'Org_6'!E41) | F35: =IF('Org_6'!F41="","",'Org_6'!F41) | G35: =IF('Org_6'!G41="","",'Org_6'!G41) | H35: =IF('Org_6'!H41="","",'Org_6'!H41) | I35: =IF('Org_6'!I41="","",'Org_6'!I41) | J35: =IF('Org_6'!J41="","",'Org_6'!J41) | ... AX35: =IF('Org_6'!AX41="","",'Org_6'!AX41)
A36: =Setup!$B$10 | C36: =IF('Org_7'!C41="","",'Org_7'!C41) | D36: =IF('Org_7'!D41="","",'Org_7'!D41) | E36: =IF('Org_7'!E41="","",'Org_7'!E41) | F36: =IF('Org_7'!F41="","",'Org_7'!F41) | G36: =IF('Org_7'!G41="","",'Org_7'!G41) | H36: =IF('Org_7'!H41="","",'Org_7'!H41) | I36: =IF('Org_7'!I41="","",'Org_7'!I41) | J36: =IF('Org_7'!J41="","",'Org_7'!J41) | ... AX36: =IF('Org_7'!AX41="","",'Org_7'!AX41)
A37: =Setup!$B$11 | C37: =IF('Org_8'!C41="","",'Org_8'!C41) | D37: =IF('Org_8'!D41="","",'Org_8'!D41) | E37: =IF('Org_8'!E41="","",'Org_8'!E41) | F37: =IF('Org_8'!F41="","",'Org_8'!F41) | G37: =IF('Org_8'!G41="","",'Org_8'!G41) | H37: =IF('Org_8'!H41="","",'Org_8'!H41) | I37: =IF('Org_8'!I41="","",'Org_8'!I41) | J37: =IF('Org_8'!J41="","",'Org_8'!J41) | ... AX37: =IF('Org_8'!AX41="","",'Org_8'!AX41)

Sheet Guiding Principles
A1: Guiding Principles — condensed (full draft: Guiding_Principles_DRAFT.md)
A3: 1. The baseline is the committed monthly target loaded to your forecast. Variances are vs. that baseline — never vs. prior year or re-forecast. Baseline moves only via approved change request.
A4: 2. A reduction COUNTS only if it is (a) labor cost in a committed category — professional services, managed/outsourced labor, offshore or onshore contractors, in-scope employees; (b) causally tied to the India transition; (c) realized and visible in the GL; and (d) run-rate in nature.
A5: 3. What does NOT count: software license or any non-labor favorability; one-time credits or rebates; rate renegotiations unrelated to transitioned volume; timing deferrals; unrelated vacancy savings; anything already claimed by another initiative (no double counting).
A6: 4. NO SUBSTITUTION: a labor-reduction shortfall may not be offset with unrelated favorability. Example: on-track India hiring + $500K prof services miss + $500K software favorability is reported as a $500K program miss, with commentary and recovery plan.
A7: 5. Report NET: gross reductions minus India loaded cost adds. One-time transition costs go on their own row and are never netted into reductions or run-rate.
A8: 6. Recognize savings in the month the run-rate reduction first hits the GL — not at contract signature or vendor notification. Partial months pro rata.
A9: 7. No leakage: a reduction is not real if equivalent spend reappears in another cost center, vendor, or expense line. You attest to this monthly.
A10: 8. Attestation & evidence: the org finance partner attests each submission and can identify the cost center and expense line for material reductions on request. Quarterly sample testing and true-up apply.
A11: 9. When in doubt, ask central program finance BEFORE reporting the number. Interpretation rulings are appended to the full Guiding Principles document.
